time,mlotst,siconc,latitude,thetao,usi,sithick,bottomT,vsi,vo,uo,so,longitude,zos
1993-01,21.973329999999997,0.0,15.0,25.991608,0.0,0.0,1.9498577000000001,0.0,-0.20691550000000003,0.07690664400000001,33.085117,92.0,0.5035554
1993-02,16.022219,0.0,15.0,26.038483,0.0,0.0,1.9322796000000002,0.0,-0.19226661,0.10925627,32.880642,92.0,0.4135258
1993-03,13.428144,0.0,15.0,27.109318,0.0,0.0,1.9762268,0.0,-0.041505173,-0.009765923000000001,32.490005,92.0,0.41901913
1993-04,12.359997,0.0,15.0,28.849606,0.0,0.0,1.9535198,0.0,-0.038453322000000005,-0.025025178,32.51442,92.0,0.46143985
1993-05,13.580737,0.0,15.0,30.022246999999997,0.0,0.0,1.8502464,0.0,-0.06469924,0.042115543,32.714317,92.0,0.5450606
1993-06,25.330364000000003,0.0,15.0,29.019531,0.0,0.0,1.8092289000000001,0.0,0.12512589,0.07690664400000001,33.498642,92.0,0.46174505
1993-07,34.02814,0.0,15.0,28.793207000000002,0.0,0.0,1.8275394,0.0,0.05981628,0.14221625,33.228553999999995,92.0,0.6085391
1993-08,35.096287,0.0,15.0,28.163303000000003,0.0,0.0,1.8158207,0.0,-0.09155553,0.10315256,32.86691,92.0,0.5719169
1993-09,19.226664000000003,0.0,15.0,28.066622,0.0,0.0,1.8407229999999999,0.0,0.18738365,-0.126957,32.605976,92.0,0.5349895
1993-10,11.444442,0.0,15.0,28.943357000000002,0.0,0.0,1.8722191000000004,0.0,0.026856288,-0.097048864,31.806390000000004,92.0,0.50263983
1993-11,11.749626,0.0,15.0,28.396953999999997,0.0,0.0,1.8700218000000002,0.0,0.13428144,-0.45899838,29.857784000000002,92.0,0.5777154
1993-12,17.700737,0.0,15.0,27.742882,0.0,0.0,1.8817406000000003,0.0,-0.08484146,-0.18799402,30.837427,92.0,0.610065
1994-01,13.122959,0.0,15.0,26.663990000000002,0.0,0.0,1.8648949000000001,0.0,-0.057374798,0.03173925,31.707205,92.0,0.5148473
1994-02,15.411848,0.0,15.0,26.551928000000004,0.0,0.0,1.8421879,0.0,-0.12817773,-0.039674062,31.11362,92.0,0.49714652
1994-03,12.054811500000001,0.0,15.0,26.56145,0.0,0.0,1.9161663,0.0,-0.084231086,0.06042665,30.822167999999998,92.0,0.5056917000000001
1994-04,11.597033999999999,0.0,15.0,29.219490000000004,0.0,0.0,1.9418011000000002,0.0,-0.041505173,0.03112888,31.444746000000002,92.0,0.5240028
1994-05,14.3437,0.0,15.0,29.612811999999998,0.0,0.0,1.9103069,0.0,-0.010376293,-0.040284432,31.737724,92.0,0.54353464
1994-06,30.518513000000002,0.0,15.0,28.997559000000003,0.0,0.0,1.9527874,0.0,0.016479995,0.11169775,32.799766999999996,92.0,0.48799098
1994-07,43.64147,0.0,15.0,28.187475,0.0,0.0,1.9447308,0.0,0.12207404,0.15503404,32.58614,92.0,0.5908383
1994-08,30.213327000000003,0.0,15.0,27.748741,0.0,0.0,1.9505901,0.0,-0.11658071,0.18921477,33.005767999999996,92.0,0.57039094
1994-09,20.905179999999998,0.0,15.0,27.934782000000002,0.0,0.0,1.9718323,0.0,-0.13611256,0.06836146,33.04544,92.0,0.52705467
1994-10,11.749626,0.0,15.0,28.784415999999997,0.0,0.0,1.9674358,0.0,-0.040894803,-0.097048864,31.859797999999998,92.0,0.50691247
1994-11,12.359997,0.0,15.0,28.107640000000004,0.0,0.0,1.9571819,0.0,-0.025025178,-0.16357921,30.433058000000003,92.0,0.54017764
1994-12,10.986664,0.0,15.0,27.148869,0.0,0.0,1.924223,0.0,-0.03295999,-0.23987548,30.359814,92.0,0.50050354
1995-01,17.85333,0.0,15.0,27.13715,0.0,0.0,1.8927269,0.0,-0.008545183,-0.17151402,31.221961999999998,92.0,0.5325479999999999
1995-02,17.85333,0.0,15.0,27.197943,0.0,0.0,1.9271526,0.0,-0.33692434,-0.051881465999999994,32.134464,92.0,0.50050354
1995-03,11.444442,0.0,15.0,26.904232,0.0,0.0,1.9300823,0.0,-0.39674062,-0.19470810000000002,32.18482,92.0,0.4562517
1995-04,11.597033999999999,0.0,15.0,29.87283,0.0,0.0,1.9315471999999998,0.0,-0.008545183,-0.0695822,32.270270000000004,92.0,0.46662802
1995-05,17.24296,0.0,15.0,30.099888,0.0,0.0,1.8985863,0.0,-0.018311106,-0.14221625,31.949827000000003,92.0,0.58320874
1995-06,25.788142999999998,0.0,15.0,29.204842,0.0,0.0,1.8421879,0.0,-0.025635547999999998,0.013428144,32.337414,92.0,0.5999939000000001
1995-07,20.142218,0.0,15.0,28.659167999999998,0.0,0.0,1.8180180000000001,0.0,0.07446516,0.28565323,32.378613,92.0,0.6228828000000001
1995-08,16.327404,0.0,15.0,28.441633000000003,0.0,0.0,1.7477036,0.0,-0.11169775,0.14160588,31.749931,92.0,0.6405835
1995-09,18.768885,0.0,15.0,28.706778000000003,0.0,0.0,1.8202151999999998,0.0,-0.115970336,0.0036622211,31.728569,92.0,0.59724724
1995-10,10.834071,0.0,15.0,28.921384999999997,0.0,0.0,1.9176311000000001,0.0,0.022583697000000003,-0.10925627,30.492569,92.0,0.5276649999999999
1995-11,18.616293,0.0,15.0,28.67748,0.0,0.0,1.8678245999999998,0.0,0.10559404,-0.080568865,30.660421000000003,92.0,0.5728324
1995-12,13.733329999999999,0.0,15.0,27.221382000000002,0.0,0.0,1.8026370999999999,0.0,0.057374798,-0.36561173,29.917295000000003,92.0,0.66408277
1996-01,17.395552,0.0,15.0,26.252357,0.0,0.0,1.6766566999999999,0.0,-0.06225776,0.018921476,30.365917,92.0,0.5749687
1996-02,14.496293,0.0,15.0,26.36662,0.0,0.0,1.7813968999999998,0.0,0.14038515,0.07080294,30.88168,92.0,0.50721765
1996-03,12.207403999999999,0.0,15.0,27.8652,0.0,0.0,1.8187504,0.0,-0.38514358,-0.07141331,31.534777000000002,92.0,0.55360574
1996-04,11.597033999999999,0.0,15.0,29.337414000000003,0.0,0.0,1.8290043000000002,0.0,-0.122684404,0.028687399,32.665485,92.0,0.47395244
1996-05,15.564441,0.0,15.0,29.504409999999996,0.0,0.0,1.826807,0.0,0.05859554,-0.064088866,32.137516,92.0,0.58931243
1996-06,21.820736,0.0,15.0,29.063478000000003,0.0,0.0,1.6847134,0.0,-0.35706657,0.15686513,32.880642,92.0,0.5938901999999999
1996-07,21.820736,0.0,15.0,28.878902000000004,0.0,0.0,1.7257308999999998,0.0,-0.03418073,0.2826014,32.970673,92.0,0.45564136
1996-08,22.736292000000002,0.0,15.0,28.51268,0.0,0.0,1.7110806,0.0,-0.057985168,-0.13977477,32.99814,92.0,0.6143376
1996-09,13.275552,0.0,15.0,28.532455,0.0,0.0,1.6839810000000002,0.0,-0.15808588,-0.028687399,32.34962,92.0,0.5584887
1996-10,13.428144,0.0,15.0,28.580796999999997,0.0,0.0,1.7733383000000003,0.0,0.23071992,-0.17151402,31.380657,92.0,0.51423687
1996-11,14.801476999999998,0.0,15.0,28.337627,0.0,0.0,1.7887210999999998,0.0,-0.028687399,-0.319834,30.944242,92.0,0.5618458000000001
1996-12,13.733329999999999,0.0,15.0,27.775840000000002,0.0,0.0,1.7315903000000001,0.0,0.057985168,-0.26123846,30.652790000000003,92.0,0.5725272
1997-01,14.954070000000002,0.0,15.0,26.64568,0.0,0.0,1.7249985,0.0,-0.25086215,-0.3112888,30.660421000000003,92.0,0.6036560999999999
1997-02,21.057774,0.0,15.0,26.154942000000002,0.0,0.0,1.729393,0.0,-0.021973327,-0.06836146,30.947294,92.0,0.48432875
1997-03,11.902219,0.0,15.0,27.271187,0.0,0.0,1.8011723000000002,0.0,-0.084231086,-0.0054933317,31.211278999999998,92.0,0.51728874
1997-04,11.1392565,0.0,15.0,28.94995,0.0,0.0,1.812891,0.0,-0.17639698,0.026245917999999997,31.978820000000002,92.0,0.46662802
1997-05,15.869626,0.0,15.0,29.973175,0.0,0.0,1.8385258000000002,0.0,0.17517625,0.003051851,32.708214,92.0,0.4608295
1997-06,24.719995,0.0,15.0,29.007812,0.0,0.0,1.8399906000000004,0.0,-0.020752586,0.025025178,32.65328,92.0,0.62349313
1997-07,35.401474,0.0,15.0,28.458478999999997,0.0,0.0,1.7953129,0.0,-0.14831996,0.10376293,32.984406,92.0,0.49653614
1997-08,26.398512,0.0,15.0,27.990447999999997,0.0,0.0,1.8202151999999998,0.0,0.042115543,0.13367108,32.976776,92.0,0.48432875
1997-09,15.411848,0.0,15.0,28.560290000000002,0.0,0.0,1.8238773000000001,0.0,-0.1739555,-0.006103702,32.24433,92.0,0.5075228
1997-10,11.597033999999999,0.0,15.0,29.594501,0.0,0.0,1.776268,0.0,-0.054322947,-0.0634785,32.29316,92.0,0.4934843
1997-11,13.275552,0.0,15.0,28.807122999999997,0.0,0.0,1.7740706999999998,0.0,0.009765923000000001,0.016479995,31.45085,92.0,0.3991821
1997-12,11.902219,0.0,15.0,27.850552,0.0,0.0,1.8092289000000001,0.0,-0.06042665,-0.113528855,29.503769000000002,92.0,0.4504532
1998-01,13.885922,0.0,15.0,27.081484000000003,0.0,0.0,1.8399906000000004,0.0,0.08667257,0.08545183,31.557665000000004,92.0,0.40101323
1998-02,15.411848,0.0,15.0,26.66106,0.0,0.0,1.8766136000000002,0.0,-0.09460738,-0.08239998,31.672109999999996,92.0,0.35340434
1998-03,12.970367,0.0,15.0,27.495316,0.0,0.0,1.8333988,0.0,0.021973327,-0.06591998,32.92642,92.0,0.31495100000000004
1998-04,12.054811500000001,0.0,15.0,29.673605,0.0,0.0,1.8377933999999998,0.0,0.21362957,-0.15259254,33.10953,92.0,0.36927396
1998-05,15.411848,0.0,15.0,30.820612,0.0,0.0,1.8429203,0.0,-0.024414808,-0.021362957000000002,32.564777,92.0,0.5038606
1998-06,25.788142999999998,0.0,15.0,30.047152,0.0,0.0,1.7791976999999999,0.0,0.081789605,-0.07324442,32.65633,92.0,0.60121465
1998-07,21.51555,0.0,15.0,29.064943,0.0,0.0,1.7938479999999999,0.0,-0.16663106,-0.07507554,32.628864,92.0,0.7449568
1998-08,27.771845000000003,0.0,15.0,29.073732,0.0,0.0,1.8619651999999998,0.0,-0.1965392,-0.07568589999999999,32.94168,92.0,0.6878871999999999
1998-09,19.531847,0.0,15.0,28.938229999999997,0.0,0.0,1.9066448,0.0,-0.09155553,0.03295999,30.99765,92.0,0.59327984
1998-10,11.291849000000001,0.0,15.0,29.338879,0.0,0.0,1.9894104,0.0,0.015259255,-0.11535996,30.34608,92.0,0.5450606
1998-11,14.801476999999998,0.0,15.0,29.219490000000004,0.0,0.0,1.9403362000000002,0.0,0.043946654,-0.19898069,31.07242,92.0,0.577105
1998-12,11.291849000000001,0.0,15.0,28.273903000000004,0.0,0.0,1.8956566000000004,0.0,0.11963256,-0.3112888,30.59328,92.0,0.6143376
1999-01,21.057774,0.0,15.0,27.56563,0.0,0.0,1.891262,0.0,0.07507554,-0.043336282999999996,32.113102000000005,92.0,0.49470505
1999-02,12.054811500000001,0.0,15.0,27.546587,0.0,0.0,1.9059124,0.0,0.09277627,-0.03357036,31.83233,92.0,0.55635244
1999-03,14.191107999999998,0.0,15.0,28.12595,0.0,0.0,1.9029808000000001,0.0,-0.2862636,-0.053102206,32.111576,92.0,0.5410931999999999
1999-04,12.359997,0.0,15.0,29.310312,0.0,0.0,1.9300823,0.0,0.012207404,0.020142216,31.757559999999998,92.0,0.48799098
1999-05,13.580737,0.0,15.0,29.304453000000002,0.0,0.0,1.9645061000000001,0.0,0.016479995,0.05981628,31.742302000000002,92.0,0.58229315
1999-06,24.719995,0.0,15.0,28.471664,0.0,0.0,1.9308147,0.0,-0.13061923,0.237434,32.171085,92.0,0.5960265
1999-07,19.226664000000003,0.0,15.0,28.027070000000002,0.0,0.0,1.8956566000000004,0.0,-0.046388134000000004,0.08545183,32.062748,92.0,0.49958800000000003
1999-08,27.619253000000004,0.0,15.0,27.791224,0.0,0.0,1.9227581000000002,0.0,0.13733329,0.050660725999999996,32.16498,92.0,0.5508590999999999
1999-09,20.905179999999998,0.0,15.0,28.243140999999998,0.0,0.0,1.946928,0.0,-0.06164739,0.014648885,32.042908000000004,92.0,0.5551316999999999
1999-10,11.749626,0.0,15.0,28.667959999999997,0.0,0.0,1.9513226000000001,0.0,-0.027466658999999997,-0.070192575,30.755028000000003,92.0,0.50721765
1999-11,11.902219,0.0,15.0,28.467270000000003,0.0,0.0,1.9315471999999998,0.0,0.13977477,-0.21423994,30.773338,92.0,0.5282754
1999-12,15.717032999999999,0.0,15.0,27.891567,0.0,0.0,1.9249554,0.0,-0.014038513999999998,-0.15320292,30.028686999999998,92.0,0.5548265
2000-01,13.733329999999999,0.0,15.0,27.366405,0.0,0.0,1.9249554,0.0,0.0,0.051271095999999995,32.107,92.0,0.5426191
2000-02,15.259255,0.0,15.0,26.905696999999996,0.0,0.0,1.9674358,0.0,-0.41383100000000006,-0.13183996,31.600391,92.0,0.61037016
2000-03,11.291849000000001,0.0,15.0,27.019958000000003,0.0,0.0,1.9527874,0.0,-0.13183996,-0.03234962,30.831324,92.0,0.51942503
2000-04,10.528886,0.0,15.0,28.685537,0.0,0.0,1.9784241000000002,0.0,-0.097048864,-0.10803552,31.156346999999997,92.0,0.5645924
2000-05,13.885922,0.0,15.0,29.307383,0.0,0.0,1.9623089,0.0,-0.021362957000000002,-0.1617481,31.408125,92.0,0.5938901999999999
2000-06,23.80444,0.0,15.0,28.673085999999998,0.0,0.0,1.9798889,0.0,-0.12329478,0.027466658999999997,32.160404,92.0,0.61708426
2000-07,23.346663,0.0,15.0,28.517075,0.0,0.0,1.9623089,0.0,0.15381329,0.048219245,31.913206,92.0,0.6146428
2000-08,20.752588,0.0,15.0,28.466537,0.0,0.0,1.9850159,0.0,-0.14343699999999998,0.10315256,31.963559999999998,92.0,0.62349313
2000-09,20.905179999999998,0.0,15.0,28.413066999999998,0.0,0.0,2.0318928,0.0,-0.017090365,0.08972442,32.206184,92.0,0.60029906
2000-10,11.444442,0.0,15.0,28.853268,0.0,0.0,2.039217,0.0,-0.0012207404,-0.015869625,31.749931,92.0,0.5017242999999999
2000-11,16.63259,0.0,15.0,28.662097999999997,0.0,0.0,2.0443439999999997,0.0,0.080568865,-0.1782281,31.272315999999996,92.0,0.51515245
2000-12,13.275552,0.0,15.0,27.19428,0.0,0.0,2.0531330000000003,0.0,-0.0921659,-0.14893033,28.476822,92.0,0.57618946
2001-01,19.226664000000003,0.0,15.0,26.239906,0.0,0.0,2.0729083999999998,0.0,-0.053102206,-0.017700735,29.764702000000003,92.0,0.5517746
2001-02,13.580737,0.0,15.0,26.664724,0.0,0.0,2.0699787,0.0,-0.041505173,-0.06897183,30.610065000000002,92.0,0.53315836
2001-03,12.817775,0.0,15.0,27.112246999999996,0.0,0.0,2.0531330000000003,0.0,-0.16602069,-0.10376293,30.648212,92.0,0.49806207
2001-04,11.597033999999999,0.0,15.0,29.673605,0.0,0.0,2.0362873,0.0,0.07507554,-0.072634056,31.58513,92.0,0.48219246
2001-05,16.174812,0.0,15.0,30.19657,0.0,0.0,2.0567951,0.0,0.023194067000000002,0.023194067000000002,31.655323,92.0,0.5706960999999999
2001-06,26.85629,0.0,15.0,29.100101000000002,0.0,0.0,2.0450764,0.0,0.02990814,0.08911405,31.815546,92.0,0.6140324
2001-07,27.161476,0.0,15.0,28.495834000000002,0.0,0.0,2.0245667000000003,0.0,-0.090945154,0.06897183,32.111576,92.0,0.5960265
2001-08,23.80444,0.0,15.0,28.535384999999998,0.0,0.0,2.026764,0.0,0.03662221,0.22827846,32.807396000000004,92.0,0.58015686
2001-09,12.054811500000001,0.0,15.0,28.691397,0.0,0.0,2.0465412,0.0,-0.07751702,0.13977477,31.969665999999997,92.0,0.59419537
2001-10,14.038515,0.0,15.0,29.145512,0.0,0.0,2.026764,0.0,0.08362071,0.0018311106,31.960508,92.0,0.5224769
2001-11,13.428144,0.0,15.0,28.435041,0.0,0.0,2.0362873,0.0,0.15381329,-0.17456588,30.970184000000003,92.0,0.60945463
2001-12,16.022219,0.0,15.0,27.499709999999997,0.0,0.0,2.0209045,0.0,-0.10132145,-0.10925627,30.405590000000004,92.0,0.54963833
2002-01,20.447403,0.0,15.0,27.344433000000002,0.0,0.0,2.0047913,0.0,0.03662221,0.13061923,32.166508,92.0,0.49287394
2002-02,19.379255,0.0,15.0,26.325602000000003,0.0,0.0,2.0274963,0.0,-0.115970336,0.17090365,31.725517,92.0,0.41566210000000003
2002-03,10.6814785,0.0,15.0,27.162784999999996,0.0,0.0,2.0831623,0.0,-0.03051851,-0.044557024,31.359295,92.0,0.45594653
2002-04,10.834071,0.0,15.0,29.466324,0.0,0.0,2.0765705000000003,0.0,-0.17700735,0.05981628,31.859797999999998,92.0,0.49073762
2002-05,19.531847,0.0,15.0,30.113071,0.0,0.0,2.0150452000000003,0.0,-0.048829615,-0.008545183,31.861324,92.0,0.5264443
2002-06,17.700737,0.0,15.0,28.86938,0.0,0.0,1.9491253000000002,0.0,-0.06103702,0.006103702,32.26722,92.0,0.610065
2002-07,29.602957,0.0,15.0,28.750725,0.0,0.0,1.8868675,0.0,-0.27710807,0.34302804,32.89285,92.0,0.56123537
2002-08,26.551105,0.0,15.0,28.160373999999997,0.0,0.0,1.9081096999999998,0.0,0.046998505,0.10681479,32.633441999999995,92.0,0.5780206
2002-09,14.648885,0.0,15.0,28.205053000000003,0.0,0.0,1.8714867,0.0,-0.065309614,0.046388134000000004,32.032227,92.0,0.5325479999999999
2002-10,10.986664,0.0,15.0,29.294929999999997,0.0,0.0,1.8722191000000004,0.0,0.04516739400000001,-0.03295999,31.145664,92.0,0.5240028
2002-11,12.817775,0.0,15.0,28.674551,0.0,0.0,1.9952698,0.0,0.024414808,-0.21118808,29.746391,92.0,0.55360574
2002-12,13.885922,0.0,15.0,28.117893,0.0,0.0,1.9410686000000001,0.0,0.054322947,-0.26123846,30.495620000000002,92.0,0.50294507
2003-01,15.717032999999999,0.0,15.0,26.403240000000004,0.0,0.0,1.9044456000000003,0.0,-0.13550219,-0.12451552,31.266212,92.0,0.5856501999999999
2003-02,18.311107999999997,0.0,15.0,26.845638,0.0,0.0,1.8832054,0.0,-0.14343699999999998,-0.15137179999999997,32.084109999999995,92.0,0.5304116999999999
2003-03,14.954070000000002,0.0,15.0,27.496048,0.0,0.0,1.8868675,0.0,-0.20630512,-0.2642903,32.174137,92.0,0.52919096
2003-04,10.6814785,0.0,15.0,29.290535,0.0,0.0,1.8692894,0.0,-0.27527696,-0.055543687,31.638538,92.0,0.4934843
2003-05,21.668144,0.0,15.0,29.757103000000004,0.0,0.0,1.8810081000000003,0.0,0.12451552,0.08362071,31.965086,92.0,0.52125615
2003-06,38.605920000000005,0.0,15.0,29.020996000000004,0.0,0.0,1.8575706000000003,0.0,-0.10681479,0.109866634,32.33894,92.0,0.6860561
2003-07,23.041477,0.0,15.0,28.522934000000003,0.0,0.0,1.8612328000000002,0.0,-0.06103702,0.020752586,32.673115,92.0,0.51454204
2003-08,25.940735,0.0,15.0,28.787346000000003,0.0,0.0,1.9212933,0.0,-0.023804437,0.03357036,33.167515,92.0,0.53315836
2003-09,19.837032,0.0,15.0,28.651112,0.0,0.0,1.9513226000000001,0.0,-0.13794366,-0.042725913,32.845546999999996,92.0,0.56031984
2003-10,11.444442,0.0,15.0,29.207039,0.0,0.0,1.9454631999999998,0.0,0.122684404,-0.051881465999999994,31.640064000000002,92.0,0.520951
2003-11,11.291849000000001,0.0,15.0,28.629871,0.0,0.0,1.8978539,0.0,0.026856288,-0.43275246,29.77996,92.0,0.6097598000000001
2003-12,16.479998000000002,0.0,15.0,28.158176,0.0,0.0,1.8509789,0.0,0.019531846000000002,-0.21118808,31.685843,92.0,0.5377360999999999
2004-01,14.191107999999998,0.0,15.0,26.908627000000003,0.0,0.0,1.8509789,0.0,-0.20325327,-0.20325327,30.697042,92.0,0.5996887
2004-02,14.038515,0.0,15.0,26.051668,0.0,0.0,1.8619651999999998,0.0,-0.29114658,0.026856288,31.058687,92.0,0.45747244
2004-03,13.428144,0.0,15.0,27.192815999999997,0.0,0.0,1.9454631999999998,0.0,-0.051881465999999994,-0.023804437,31.27079,92.0,0.47975096
2004-04,11.444442,0.0,15.0,29.670672999999997,0.0,0.0,1.9696349999999998,0.0,-0.08362071,0.07568589999999999,32.20466,92.0,0.55818355
2004-05,22.431107,0.0,15.0,29.63918,0.0,0.0,1.9256878000000002,0.0,-0.12146367,-0.055543687,32.747887,92.0,0.5685598000000001
2004-06,23.194069,0.0,15.0,28.506088000000002,0.0,0.0,1.9322796000000002,0.0,0.07568589999999999,-0.025635547999999998,32.642596999999995,92.0,0.6079287
2004-07,26.093328,0.0,15.0,28.589588,0.0,0.0,1.8619651999999998,0.0,-0.19837031,0.006714072,32.873013,92.0,0.634785
2004-08,27.924438000000002,0.0,15.0,28.049776,0.0,0.0,1.8568381999999999,0.0,-0.113528855,0.2557451,33.150729999999996,92.0,0.5914486999999999
2004-09,15.411848,0.0,15.0,28.904537,0.0,0.0,1.9447308,0.0,0.051271095999999995,0.11535996,32.90048,92.0,0.5438398
2004-10,16.327404,0.0,15.0,29.135990000000003,0.0,0.0,2.0069885,0.0,0.05249183599999999,0.049439985,32.709740000000004,92.0,0.50935394
2004-11,10.986664,0.0,15.0,28.670156,0.0,0.0,2.0011292000000003,0.0,0.16296884,-0.21057771,30.550553999999998,92.0,0.5645924
2004-12,14.038515,0.0,15.0,27.352490000000003,0.0,0.0,1.9081096999999998,0.0,-0.14038515,-0.17456588,30.776390000000003,92.0,0.62349313
2005-01,16.479998000000002,0.0,15.0,26.377605,0.0,0.0,1.8868675,0.0,-0.18372142,0.13306070000000003,31.666006,92.0,0.5343791
2005-02,16.785181,0.0,15.0,26.478683,0.0,0.0,1.9227581000000002,0.0,-0.16541032,0.13489181,31.769768,92.0,0.50233465
2005-03,11.291849000000001,0.0,15.0,27.8652,0.0,0.0,1.9505901,0.0,-0.18921477,-0.0024414808,31.131930999999998,92.0,0.5017242999999999
2005-04,10.986664,0.0,15.0,29.54103,0.0,0.0,1.9689026,0.0,-0.19531846,0.14831996,31.455427,92.0,0.5108798999999999
2005-05,14.038515,0.0,15.0,30.307169000000002,0.0,0.0,2.0172423999999998,0.0,0.03662221,-0.10559404,32.13599,92.0,0.54719687
2005-06,22.431107,0.0,15.0,29.681662,0.0,0.0,1.9227581000000002,0.0,-0.03723258,-0.11291848,32.61513,92.0,0.5798517
2005-07,28.382215000000002,0.0,15.0,28.821771999999996,0.0,0.0,1.8377933999999998,0.0,-0.03601184,-0.043336282999999996,32.515945,92.0,0.6427198000000001
2005-08,25.63555,0.0,15.0,28.636463,0.0,0.0,1.8810081000000003,0.0,-0.109866634,0.25879696,33.141575,92.0,0.59022796
2005-09,18.921478,0.0,15.0,28.89355,0.0,0.0,1.9505901,0.0,-0.040284432,0.14770958,32.624287,92.0,0.55116427
2005-10,11.291849000000001,0.0,15.0,29.288338,0.0,0.0,2.0069885,0.0,-0.03112888,-0.03173925,31.908628000000004,92.0,0.5685598000000001
2005-11,19.68444,0.0,15.0,29.059084000000002,0.0,0.0,2.0113830000000004,0.0,0.048219245,-0.0073244423,31.815546,92.0,0.60426646
2005-12,14.496293,0.0,15.0,28.446028000000002,0.0,0.0,1.9388714,0.0,0.023194067000000002,-0.25208288,30.904567999999998,92.0,0.6695760999999999
2006-01,14.496293,0.0,15.0,26.713065999999998,0.0,0.0,1.9198283999999999,0.0,-0.06286813,0.014648885,30.993073,92.0,0.58839685
2006-02,12.207403999999999,0.0,15.0,27.078553999999997,0.0,0.0,1.9835509999999998,0.0,-0.038453322000000005,-0.21790215,30.68331,92.0,0.57008576
2006-03,11.444442,0.0,15.0,27.879848,0.0,0.0,2.0150452000000003,0.0,-0.28748435,0.026245917999999997,31.156346999999997,92.0,0.5038606
2006-04,10.834071,0.0,15.0,29.102299,0.0,0.0,2.1835080000000002,0.0,-0.081789605,-0.070192575,32.111576,92.0,0.48829615
2006-05,12.359997,0.0,15.0,29.407726,0.0,0.0,2.182043,0.0,0.20447402,0.044557024,31.814020000000003,92.0,0.48066652
2006-06,15.564441,0.0,15.0,29.029784999999997,0.0,0.0,2.0025939999999998,0.0,0.03173925,0.32044435,32.630390000000006,92.0,0.5670339
2006-07,32.8074,0.0,15.0,28.946286999999998,0.0,0.0,1.9527874,0.0,0.079348125,0.28015992,33.06986,92.0,0.56001467
2006-08,20.294811,0.0,15.0,28.392559999999996,0.0,0.0,1.8839378,0.0,-0.31250954,0.25269327,32.741783,92.0,0.6085391
2006-09,12.665182000000001,0.0,15.0,28.591784999999998,0.0,0.0,1.9234905,0.0,-0.09765923,0.08972442,31.68279,92.0,0.51423687
2006-10,10.6814785,0.0,15.0,29.000488,0.0,0.0,1.9791564999999998,0.0,0.042725913,-0.14343699999999998,30.770287,92.0,0.5087435
2006-11,10.834071,0.0,15.0,29.195318,0.0,0.0,1.9432658999999999,0.0,0.018311106,-0.25879696,29.775383,92.0,0.54750204
2006-12,15.106663000000001,0.0,15.0,27.108584999999998,0.0,0.0,1.8648949000000001,0.0,-0.006103702,0.003051851,29.677725,92.0,0.5444502
2007-01,15.564441,0.0,15.0,25.727928,0.0,0.0,1.8399906000000004,0.0,-0.10132145,0.0048829615000000005,30.899990000000003,92.0,0.48677020000000004
2007-02,18.158514,0.0,15.0,26.337321999999997,0.0,0.0,1.9168987000000002,0.0,-0.19348735,-0.29847103,31.777396999999997,92.0,0.47761467
2007-03,17.395552,0.0,15.0,26.361492,0.0,0.0,1.9205608,0.0,-0.25269327,-0.045777764000000006,32.235176,92.0,0.45564136
2007-04,10.528886,0.0,15.0,29.557878000000002,0.0,0.0,1.946928,0.0,-0.101931825,0.03784295,31.849117,92.0,0.5075228
2007-05,15.259255,0.0,15.0,29.593037,0.0,0.0,1.9300823,0.0,0.0048829615000000005,-0.023804437,31.807917,92.0,0.5282754
2007-06,17.85333,0.0,15.0,29.683126,0.0,0.0,1.9608439999999998,0.0,-0.10681479,0.09887997,32.65938,92.0,0.5829035
2007-07,33.722954,0.0,15.0,28.908932,0.0,0.0,1.9308147,0.0,0.041505173,0.11535996,33.196509999999996,92.0,0.5279702
2007-08,28.382215000000002,0.0,15.0,28.626209999999997,0.0,0.0,1.8846703000000002,0.0,-0.0012207404,0.159917,33.278908,92.0,0.60121465
2007-09,19.226664000000003,0.0,15.0,28.593983,0.0,0.0,1.9110394,0.0,-0.02990814,0.07385479,32.65633,92.0,0.5398724
2007-10,11.444442,0.0,15.0,28.636463,0.0,0.0,1.9095745,0.0,0.0347911,-0.046998505,31.29368,92.0,0.5178991
2007-11,12.665182000000001,0.0,15.0,28.571276,0.0,0.0,1.8158207,0.0,0.017700735,-0.10864589,31.331827,92.0,0.5618458000000001
2007-12,15.106663000000001,0.0,15.0,26.780449,0.0,0.0,1.8004398000000001,0.0,-0.07568589999999999,-0.19714957,29.993591,92.0,0.63631094
2008-01,12.512589,0.0,15.0,26.352703,0.0,0.0,1.7887210999999998,0.0,0.13306070000000003,-0.028687399,30.73214,92.0,0.55238503
2008-02,13.122959,0.0,15.0,26.5197,0.0,0.0,1.8414555000000001,0.0,-0.10376293,-0.07568589999999999,30.761131,92.0,0.57435834
2008-03,11.902219,0.0,15.0,27.511428999999996,0.0,0.0,1.8143558999999998,0.0,-0.10620441,-0.13489181,31.383709000000003,92.0,0.54597616
2008-04,12.054811500000001,0.0,15.0,29.557878000000002,0.0,0.0,1.8216801,0.0,-0.03173925,-0.10254219,31.469162,92.0,0.5978576
2008-05,20.294811,0.0,15.0,29.185796999999997,0.0,0.0,1.933012,0.0,0.018311106,0.021973327,32.32063,92.0,0.6149479999999999
2008-06,26.703697,0.0,15.0,29.340343,0.0,0.0,1.9264202000000001,0.0,-0.13489181,0.12146367,32.97525,92.0,0.568865
2008-07,28.229623999999998,0.0,15.0,28.72802,0.0,0.0,1.8348636999999999,0.0,-0.025635547999999998,0.18189031,32.924892,92.0,0.56001467
2008-08,27.314068,0.0,15.0,28.312723,0.0,0.0,1.9813538,0.0,0.010986663,0.07446516,32.88827,92.0,0.56337166
2008-09,15.869626,0.0,15.0,28.6892,0.0,0.0,1.9147014999999998,0.0,-0.0982696,0.048219245,32.718895,92.0,0.56398207
2008-10,11.291849000000001,0.0,15.0,29.439954999999998,0.0,0.0,1.9147014999999998,0.0,-0.016479995,-0.06653035,32.126835,92.0,0.58503985
2008-11,14.3437,0.0,15.0,28.877438,0.0,0.0,1.9176311000000001,0.0,0.15259254,-0.26673177,32.235176,92.0,0.565508
2008-12,14.496293,0.0,15.0,27.847621999999998,0.0,0.0,1.8202151999999998,0.0,-0.09155553,-0.46632284,30.837427,92.0,0.6836146
2009-01,15.259255,0.0,15.0,26.768729999999998,0.0,0.0,1.7960453,0.0,0.16724142,0.064088866,32.241279999999996,92.0,0.5355998000000001
2009-02,16.785181,0.0,15.0,27.033875,0.0,0.0,1.9125042,0.0,0.08789331,-0.115970336,32.210762,92.0,0.51545763
2009-03,11.902219,0.0,15.0,28.029265999999996,0.0,0.0,1.9366741000000003,0.0,-0.027466658999999997,-0.06103702,31.749931,92.0,0.5417035
2009-04,16.022219,0.0,15.0,29.281746000000002,0.0,0.0,2.0296936000000003,0.0,-0.053102206,-0.08911405,31.546984000000002,92.0,0.55238503
2009-05,15.106663000000001,0.0,15.0,30.137240999999996,0.0,0.0,1.9344769,0.0,0.07080294,-0.0006103702,31.94525,92.0,0.64027834
2009-06,26.551105,0.0,15.0,29.302256,0.0,0.0,1.919096,0.0,-0.1391644,0.10559404,32.210762,92.0,0.61708426
2009-07,29.297771,0.0,15.0,28.818842,0.0,0.0,1.7704085999999999,0.0,-0.12024292,0.17029329,32.57546,92.0,0.5609301999999999
2009-08,20.294811,0.0,15.0,28.748528000000004,0.0,0.0,1.7645493000000003,0.0,-0.011597033999999999,0.080568865,32.250434999999996,92.0,0.5746635
2009-09,16.022219,0.0,15.0,28.95947,0.0,0.0,1.8224125,0.0,-0.028077029,0.08362071,32.28553,92.0,0.5926694
2009-10,12.817775,0.0,15.0,29.076662,0.0,0.0,1.757225,0.0,-0.010986663,-0.053712577000000004,31.308939000000002,92.0,0.5746635
2009-11,12.665182000000001,0.0,15.0,29.193853000000004,0.0,0.0,1.7301254000000001,0.0,0.0054933317,-0.020752586,32.070377,92.0,0.601825
2009-12,13.428144,0.0,15.0,28.229225,0.0,0.0,1.6861781999999998,0.0,0.11658071,-0.051881465999999994,31.180760999999997,92.0,0.60335094
2010-01,15.411848,0.0,15.0,27.081484000000003,0.0,0.0,1.7213363999999998,0.0,-0.21179846,-0.14038515,31.096836,92.0,0.6057924
2010-02,19.226664000000003,0.0,15.0,26.715996,0.0,0.0,1.7096156999999998,0.0,-0.17029329,-0.015259255,32.238228,92.0,0.5307168999999999
2010-03,11.902219,0.0,15.0,28.441633000000003,0.0,0.0,1.7916508000000002,0.0,-0.23194067,-0.021362957000000002,32.410656,92.0,0.5355998000000001
2010-04,11.291849000000001,0.0,15.0,30.039092999999998,0.0,0.0,1.7770004000000001,0.0,-0.12390515,-0.12878811,32.007812,92.0,0.51728874
2010-05,17.85333,0.0,15.0,31.273262,0.0,0.0,1.7411118000000003,0.0,0.02929777,0.018311106,32.052063000000004,92.0,0.6305124
2010-06,19.837032,0.0,15.0,29.831081,0.0,0.0,1.6971645,0.0,-0.16846217,0.29358807,33.11411,92.0,0.54750204
2010-07,20.905179999999998,0.0,15.0,29.431165999999997,0.0,0.0,1.831934,0.0,0.26306954,0.26551104,33.097324,92.0,0.5307168999999999
2010-08,23.651846,0.0,15.0,29.19605,0.0,0.0,1.8736839,0.0,-0.07324442,-0.042725913,32.961517,92.0,0.7037568000000001
2010-09,17.700737,0.0,15.0,29.284676,0.0,0.0,1.8597679,0.0,-0.017090365,-0.0006103702,32.876064,92.0,0.6308176
2010-10,18.311107999999997,0.0,15.0,29.305918,0.0,0.0,1.7352523999999998,0.0,0.067751095,0.10864589,32.598347,92.0,0.6045716999999999
2010-11,16.327404,0.0,15.0,28.909664000000003,0.0,0.0,1.7301254000000001,0.0,-0.0921659,-0.29602954,30.440687,92.0,0.7138279000000001
2010-12,18.158514,0.0,15.0,28.275368,0.0,0.0,1.7132778000000002,0.0,0.080568865,-0.2026429,31.850642999999998,92.0,0.6637776
2011-01,11.291849000000001,0.0,15.0,27.121769,0.0,0.0,1.7770004000000001,0.0,0.064088866,-0.32044435,30.99002,92.0,0.6915494000000001
2011-02,20.599997000000002,0.0,15.0,27.037537,0.0,0.0,1.7491683999999998,0.0,-0.2478103,-0.09399701,32.384716,92.0,0.66408277
2011-03,14.038515,0.0,15.0,27.126896000000002,0.0,0.0,1.7704085999999999,0.0,-0.22461623,0.0042725913,32.778403999999995,92.0,0.56398207
2011-04,11.291849000000001,0.0,15.0,29.513199,0.0,0.0,1.7843266,0.0,-0.025025178,0.03295999,32.65938,92.0,0.53926206
2011-05,16.937775,0.0,15.0,29.776878000000004,0.0,0.0,1.8224125,0.0,-0.048219245,-0.06164739,32.288579999999996,92.0,0.6225776
2011-06,24.41481,0.0,15.0,29.079594,0.0,0.0,1.8055668000000002,0.0,-0.14831996,0.20325327,32.676167,92.0,0.5938901999999999
2011-07,29.755547999999997,0.0,15.0,28.788809999999998,0.0,0.0,1.8246098000000002,0.0,-0.042115543,0.12878811,33.130894,92.0,0.5789361
2011-08,24.719995,0.0,15.0,28.630603999999998,0.0,0.0,1.9366741000000003,0.0,-0.20935698,0.22583696,33.25907,92.0,0.58626056
2011-09,22.125920999999998,0.0,15.0,28.502426,0.0,0.0,1.8993186999999998,0.0,-0.20935698,0.15686513,32.457962,92.0,0.6009095
2011-10,11.1392565,0.0,15.0,29.03711,0.0,0.0,1.8780785,0.0,-0.03601184,-0.05981628,31.530196999999998,92.0,0.5410931999999999
2011-11,10.986664,0.0,15.0,28.587390000000003,0.0,0.0,1.8861351000000002,0.0,0.045777764000000006,-0.40833765,29.674673,92.0,0.56733906
2011-12,10.986664,0.0,15.0,28.010223,0.0,0.0,1.8648949000000001,0.0,0.24231696,-0.26123846,29.212317,92.0,0.62623984
2012-01,17.395552,0.0,15.0,27.189154,0.0,0.0,1.8575706000000003,0.0,-0.010986663,-0.35706657,30.454420000000002,92.0,0.6527909000000001
2012-02,20.752588,0.0,15.0,26.196692000000002,0.0,0.0,1.8941917000000001,0.0,-0.2844325,-0.017090365,31.29368,92.0,0.63356423
2012-03,10.6814785,0.0,15.0,27.326853000000003,0.0,0.0,1.9220256999999998,0.0,-0.18250069,0.08911405,30.610065000000002,92.0,0.5478071999999999
2012-04,10.6814785,0.0,15.0,29.364513,0.0,0.0,1.9960022000000002,0.0,-0.11413923,-0.09399701,30.587175,92.0,0.618305
2012-05,13.122959,0.0,15.0,29.880886,0.0,0.0,1.9300823,0.0,-0.09155553,-0.14893033,31.125828000000002,92.0,0.6286813
2012-06,22.583698000000002,0.0,15.0,29.247321999999997,0.0,0.0,1.8707542000000001,0.0,-0.10803552,0.17212439,32.039856,92.0,0.62746054
2012-07,22.736292000000002,0.0,15.0,28.495102000000003,0.0,0.0,1.8839378,0.0,-0.010986663,0.11902219,32.058167,92.0,0.69307536
2012-08,34.02814,0.0,15.0,28.640125,0.0,0.0,1.8788109,0.0,-0.07690664400000001,0.3418073,33.09122,92.0,0.6625568000000001
2012-09,23.499254,0.0,15.0,28.396953999999997,0.0,0.0,1.9234905,0.0,-0.015259255,0.18555254,33.402508000000005,92.0,0.5636769
2012-10,11.749626,0.0,15.0,29.177740000000004,0.0,0.0,1.9718323,0.0,-0.0012207404,-0.014648885,32.015440000000005,92.0,0.5609301999999999
2012-11,12.665182000000001,0.0,15.0,29.307383,0.0,0.0,2.0245667000000003,0.0,-0.0024414808,-0.11535996,30.759605,92.0,0.5749687
2012-12,12.817775,0.0,15.0,28.005096,0.0,0.0,2.0106506,0.0,0.040894803,-0.21057771,30.332346,92.0,0.6497391
2013-01,17.85333,0.0,15.0,26.1608,0.0,0.0,1.9681702,0.0,0.03112888,0.012817773999999999,30.776390000000003,92.0,0.56215096
2013-02,18.4637,0.0,15.0,27.929655,0.0,0.0,2.0047913,0.0,0.08911405,0.05249183599999999,31.788079999999997,92.0,0.5948058
2013-03,14.801476999999998,0.0,15.0,28.012420000000002,0.0,0.0,1.9769592,0.0,-0.08606219,0.010986663,31.684317,92.0,0.5938901999999999
2013-04,11.291849000000001,0.0,15.0,29.200445000000002,0.0,0.0,1.9593792,0.0,-0.17944884,-0.13428144,31.679739,92.0,0.58412427
2013-05,24.567401999999998,0.0,15.0,30.288124,0.0,0.0,1.891262,0.0,0.09765923,-0.07629627,31.957457,92.0,0.66805017
2013-06,25.940735,0.0,15.0,29.379162,0.0,0.0,1.8143558999999998,0.0,-0.18066958,0.07751702,32.242805,92.0,0.70741904
2013-07,39.521473,0.0,15.0,28.629139000000002,0.0,0.0,1.8517113,0.0,-0.11535996,0.072634056,32.760094,92.0,0.6329539000000001
2013-08,28.839994,0.0,15.0,28.281959999999998,0.0,0.0,1.8619651999999998,0.0,0.045777764000000006,0.10376293,32.8486,92.0,0.62807095
2013-09,21.362959,0.0,15.0,28.70751,0.0,0.0,1.9037131999999999,0.0,-0.11963256,0.08911405,32.515945,92.0,0.6115909
2013-10,15.259255,0.0,15.0,28.783684,0.0,0.0,1.9110394,0.0,0.038453322000000005,0.0036622211,32.239754,92.0,0.54414505
2013-11,10.834071,0.0,15.0,28.868648999999998,0.0,0.0,1.9037131999999999,0.0,0.0695822,-0.2618488,29.866940000000003,92.0,0.65614796
2013-12,14.648885,0.0,15.0,28.027070000000002,0.0,0.0,1.8817406000000003,0.0,0.08545183,-0.15442365,30.654315999999998,92.0,0.6149479999999999
2014-01,14.954070000000002,0.0,15.0,26.718193,0.0,0.0,1.9571819,0.0,-0.07446516,-0.08606219,31.083101,92.0,0.568865
2014-02,14.191107999999998,0.0,15.0,26.443525,0.0,0.0,1.946928,0.0,-0.14343699999999998,-0.042115543,30.774864,92.0,0.5285806
2014-03,13.122959,0.0,15.0,26.740166,0.0,0.0,1.8839378,0.0,-0.12207404,-0.0054933317,31.795709999999996,92.0,0.48158208
2014-04,10.6814785,0.0,15.0,29.137455,0.0,0.0,2.0384846000000003,0.0,-0.03662221,0.07629627,31.989502,92.0,0.5343791
2014-05,14.3437,0.0,15.0,30.259559999999997,0.0,0.0,2.0033263999999997,0.0,0.025025178,-0.051271095999999995,31.91931,92.0,0.5487228
2014-06,21.362959,0.0,15.0,29.608418,0.0,0.0,1.8429203,0.0,0.049439985,0.043946654,32.264168,92.0,0.63997316
2014-07,27.161476,0.0,15.0,28.9353,0.0,0.0,1.9806213,0.0,0.0006103702,0.23377179,32.938629999999996,92.0,0.59694207
2014-08,16.479998000000002,0.0,15.0,28.593983,0.0,0.0,1.877346,0.0,0.03418073,0.03418073,32.39082,92.0,0.57527393
2014-09,16.937775,0.0,15.0,28.664295000000003,0.0,0.0,1.8729514999999999,0.0,-0.009155553,0.14282662,32.270270000000004,92.0,0.5746635
2014-10,11.749626,0.0,15.0,29.24073,0.0,0.0,1.9352093000000001,0.0,-0.008545183,-0.16357921,31.424909999999997,92.0,0.54750204
2014-11,14.648885,0.0,15.0,29.019531,0.0,0.0,1.9168987000000002,0.0,0.07568589999999999,-0.2478103,31.948301,92.0,0.59297466
2014-12,15.411848,0.0,15.0,28.12009,0.0,0.0,1.901516,0.0,0.10254219,-0.12146367,31.632434999999997,92.0,0.66225165
2015-01,11.902219,0.0,15.0,27.174505,0.0,0.0,1.7337875,0.0,0.041505173,-0.0018311106,31.922361,92.0,0.6515701999999999
2015-02,12.817775,0.0,15.0,27.019226,0.0,0.0,1.8121585999999998,0.0,-0.03234962,-0.15259254,31.487472999999998,92.0,0.52430797
2015-03,12.359997,0.0,15.0,27.682089,0.0,0.0,1.8509789,0.0,-0.08789331,0.039063692000000004,31.728569,92.0,0.5349895
2015-04,10.528886,0.0,15.0,29.493422999999996,0.0,0.0,1.8744164,0.0,-0.15137179999999997,-0.11963256,32.22602,92.0,0.57924134
2015-05,14.801476999999998,0.0,15.0,30.731254999999997,0.0,0.0,1.8766136000000002,0.0,0.018921476,0.0,32.129887,92.0,0.5658132
2015-06,25.788142999999998,0.0,15.0,29.721214,0.0,0.0,1.8290043000000002,0.0,-0.05981628,0.008545183,32.34657,92.0,0.695822
2015-07,21.973329999999997,0.0,15.0,29.049561999999998,0.0,0.0,1.8663596999999998,0.0,-0.12451552,0.319834,32.963043,92.0,0.6387524
2015-08,18.005922,0.0,15.0,28.705313,0.0,0.0,1.8605003,0.0,-0.12085330000000001,0.15259254,32.19245,92.0,0.58046204
2015-09,13.428144,0.0,15.0,28.729484999999997,0.0,0.0,1.8575706000000003,0.0,-0.0012207404,0.09643849,31.45085,92.0,0.6054871999999999
2015-10,12.817775,0.0,15.0,29.443617,0.0,0.0,1.8956566000000004,0.0,-0.03112888,-0.019531846000000002,32.343517,92.0,0.54353464
2015-11,12.054811500000001,0.0,15.0,29.552020000000002,0.0,0.0,1.9022484,0.0,-0.049439985,-0.14160588,31.582078999999997,92.0,0.5417035
2015-12,23.041477,0.0,15.0,28.729484999999997,0.0,0.0,1.8605003,0.0,0.101931825,-0.047608875,31.98645,92.0,0.5996887
2016-01,14.496293,0.0,15.0,26.14835,0.0,0.0,1.8788109,0.0,-0.15442365,-0.10925627,30.269783,92.0,0.6387524
2016-02,13.122959,0.0,15.0,26.771659999999997,0.0,0.0,1.8861351000000002,0.0,-0.35340434,0.10559404,31.141087,92.0,0.5746635
2016-03,11.749626,0.0,15.0,28.496567,0.0,0.0,1.8605003,0.0,0.018921476,-0.047608875,31.029694,92.0,0.48615986
2016-04,11.749626,0.0,15.0,29.78933,0.0,0.0,1.9117718000000001,0.0,-0.12634663,0.10498367,31.707205,92.0,0.58931243
2016-05,14.648885,0.0,15.0,30.595753000000002,0.0,0.0,1.8678245999999998,0.0,-0.19226661,-0.104373306,32.45491,92.0,0.6579791
2016-06,24.719995,0.0,15.0,29.732933000000003,0.0,0.0,1.8326664000000001,0.0,-0.21362957,-0.16113773,32.927944000000004,92.0,0.73122346
2016-07,27.161476,0.0,15.0,29.336681,0.0,0.0,1.7975101000000002,0.0,-0.11413923,0.19959106,32.924892,92.0,0.7922604999999999
2016-08,22.583698000000002,0.0,15.0,29.023926,0.0,0.0,1.8260745999999999,0.0,0.06714072,0.17334513,32.618183,92.0,0.63600576
2016-09,20.752588,0.0,15.0,29.412853000000002,0.0,0.0,1.8905296000000003,0.0,-0.099490345,0.03540147,32.518997,92.0,0.7327494000000001
2016-10,13.733329999999999,0.0,15.0,29.256110999999997,0.0,0.0,1.9168987000000002,0.0,-0.15503404,-0.017090365,32.294685,92.0,0.6653034999999999
2016-11,16.327404,0.0,15.0,28.796136999999998,0.0,0.0,1.9835509999999998,0.0,0.22766808,-0.06225776,32.325207,92.0,0.62135684
2016-12,13.122959,0.0,15.0,28.565416,0.0,0.0,1.9857483,0.0,0.016479995,-0.3253273,31.165503,92.0,0.68025756
2017-01,18.005922,0.0,15.0,27.786827000000002,0.0,0.0,1.9125042,0.0,0.11169775,-0.12329478,31.696524,92.0,0.6228828000000001
2017-02,12.054811500000001,0.0,15.0,27.190619,0.0,0.0,1.9044456000000003,0.0,0.040894803,0.16052736,31.385234999999998,92.0,0.62807095
2017-03,11.749626,0.0,15.0,27.17597,0.0,0.0,1.9198283999999999,0.0,-0.29786065,-0.017090365,31.391338,92.0,0.5505539
2017-04,11.1392565,0.0,15.0,28.653309000000004,0.0,0.0,1.9513226000000001,0.0,0.03784295,0.09277627,31.624805,92.0,0.5020295
2017-05,12.970367,0.0,15.0,30.480026000000002,0.0,0.0,1.946928,0.0,0.08484146,0.043946654,32.268745,92.0,0.63356423
2017-06,29.908141999999998,0.0,15.0,29.654559999999996,0.0,0.0,1.9095745,0.0,-0.012207404,-0.09460738,32.235176,92.0,0.6146428
2017-07,27.161476,0.0,15.0,28.766838,0.0,0.0,1.8883324000000001,0.0,0.014648885,0.19104587,32.680744,92.0,0.593585
2017-08,26.551105,0.0,15.0,28.973389,0.0,0.0,1.919096,0.0,0.16418958,0.21301919,32.75094,92.0,0.6128117
2017-09,15.411848,0.0,15.0,29.264167999999998,0.0,0.0,1.7916508000000002,0.0,-0.11719108,0.10376293,32.663959999999996,92.0,0.6576739
2017-10,12.665182000000001,0.0,15.0,29.345470000000002,0.0,0.0,1.8846703000000002,0.0,0.039063692000000004,-0.048219245,32.09937,92.0,0.5517746
2017-11,12.970367,0.0,15.0,29.160891999999997,0.0,0.0,1.9059124,0.0,0.35523546,-0.13367108,31.44322,92.0,0.65126497
2017-12,15.259255,0.0,15.0,28.119358000000002,0.0,0.0,1.9256878000000002,0.0,-0.06714072,-0.114749596,31.406599,92.0,0.6717124
2018-01,12.054811500000001,0.0,15.0,27.03241,0.0,0.0,1.9439983,0.0,-0.1782281,-0.36072877,30.298777,92.0,0.704062
2018-02,14.496293,0.0,15.0,26.529953000000003,0.0,0.0,1.9403362000000002,0.0,-0.28382215,0.053102206,31.749931,92.0,0.62227243
2018-03,12.359997,0.0,15.0,27.451368,0.0,0.0,1.9667033999999999,0.0,-0.008545183,0.025635547999999998,31.823175,92.0,0.48585470000000003
2018-04,12.359997,0.0,15.0,29.602558000000002,0.0,0.0,2.0846272,0.0,0.02929777,-0.024414808,31.849117,92.0,0.54994357
2018-05,11.597033999999999,0.0,15.0,30.339396999999998,0.0,0.0,2.0655842,0.0,-0.042725913,0.112308115,31.562243,92.0,0.5920591
2018-06,23.041477,0.0,15.0,29.443617,0.0,0.0,2.063387,0.0,0.012817773999999999,0.10559404,31.856747,92.0,0.6164739
2018-07,29.297771,0.0,15.0,28.838620000000002,0.0,0.0,2.0699787,0.0,0.14831996,0.093386635,32.067326,92.0,0.63997316
2018-08,20.447403,0.0,15.0,28.621815,0.0,0.0,2.0641192999999998,0.0,-0.07629627,0.19348735,32.494583,92.0,0.7046724
2018-09,18.005922,0.0,15.0,28.745597999999998,0.0,0.0,2.0882893,0.0,-0.0982696,0.009155553,32.69448,92.0,0.5978576
2018-10,12.665182000000001,0.0,15.0,29.467789,0.0,0.0,2.0047913,0.0,0.12207404,0.017700735,31.960508,92.0,0.606708
2018-11,10.6814785,0.0,15.0,28.930906,0.0,0.0,1.9945374,0.0,-0.03173925,-0.28809473,29.915770000000002,92.0,0.65828425
2018-12,13.580737,0.0,15.0,28.440168,0.0,0.0,1.9850159,0.0,0.21423994,-0.21729179,30.898464,92.0,0.69521165
