time,spco2,o2,chl,latitude,no3,po4,phyc,si,ph,nppv,longitude,fe
1993-01,33.219485999999996,207.89908,0.16547504,15.0,0.011255083999999999,0.10903245,1.2704858,2.2202342,8.090812,7.0250716,92.0,0.00063535443
1993-02,32.941604999999996,210.90477,0.15049282,15.0,0.0077206115,0.114436716,1.3285373,2.1914177,8.094759,7.404683599999999,92.0,0.0004602697
1993-03,32.951384999999995,213.34665,0.13913920000000002,15.0,0.05874802,0.03847904,1.7262493000000003,3.0153958999999997,8.094535,4.882548,92.0,0.0004826331
1993-04,34.02678,209.45615,0.08725239,15.0,0.9534617,4.3129214e-05,1.3851091999999998,3.9613062999999995,8.081666,1.2420558000000002,92.0,0.0006981344
1993-05,36.724517999999996,200.42575,0.08716962,15.0,2.0366855,4.4286928e-05,1.4777557,5.621343599999999,8.054578,1.2844087,92.0,0.0013903860999999998
1993-06,35.14205,200.46367,0.09960804,15.0,1.432916,9.765591000000001e-05,1.2062237,4.141668,8.068528,2.4828942000000005,92.0,0.001390473
1993-07,34.358090000000004,201.13716000000002,0.105935134,15.0,0.014248148,0.030339947000000003,1.0910024999999999,2.2672014,8.075413000000001,3.9172623,92.0,0.0014356683999999999
1993-08,33.83367,202.03435,0.10104928,15.0,0.004609241,0.038911607,1.0693514,2.2741659,8.080084,3.3902309999999996,92.0,0.001714651
1993-09,33.0678,203.49738,0.12333345,15.0,0.0092406785,0.03075881,1.2843603000000001,2.441903,8.085431,5.0022426,92.0,0.0018833839999999999
1993-10,32.964825,203.63019,0.121836364,15.0,0.017012501,0.0011168245,1.5519875,2.325704,8.082582,4.246106,92.0,0.0019520785
1993-11,33.017616,203.97011,0.105958834,15.0,0.07427836,0.0008811915,1.4184229,2.4984457000000004,8.083983,3.2869172,92.0,0.0015679444
1993-12,32.85049,204.2603,0.10469683,15.0,0.025204327000000002,0.0023794472,1.2778838,2.79334,8.088716999999999,3.1833131000000003,92.0,0.001550688
1994-01,32.19913,208.2714,0.13515519,15.0,0.65895593,0.0022162693,1.601826,5.037033,8.099209,3.706214,92.0,0.0015524941
1994-02,32.011486,209.56696000000002,0.12934577,15.0,0.3357724,0.0002090284,1.4224162,4.613892,8.102358,4.030377,92.0,0.0011648631
1994-03,32.310303000000005,209.4964,0.12665632,15.0,0.030934172000000003,0.0018083334,1.4386353,3.1543702999999996,8.099834,5.227185700000001,92.0,0.0007973775
1994-04,34.418696999999995,207.5567,0.08943391,15.0,2.087683,5.2224925000000004e-05,1.3942169,5.532390599999999,8.075505,1.5387552,92.0,0.00090465386
1994-05,35.588295,202.36234,0.08657379400000001,15.0,3.9782925000000002,5.0997685e-05,1.4146596000000002,6.887126400000001,8.061669,1.3860458,92.0,0.0012636492
1994-06,34.148857,201.6627,0.08751499,15.0,1.1658927,9.483866e-05,1.1252124,3.6199867999999995,8.076309,1.8769692999999998,92.0,0.0012578394
1994-07,32.917553000000005,202.84546,0.09845116,15.0,0.015223598,0.0045203883,0.9681417999999999,2.3018248,8.088686000000001,2.835629,92.0,0.0014397589999999999
1994-08,32.929367,203.72842,0.108201355,15.0,0.0043772026,0.018624885,0.99770224,2.1747925,8.088072,3.3164191,92.0,0.0016082266000000001
1994-09,32.334441999999996,204.87679,0.119098,15.0,0.026398328999999998,0.011711786,1.2622176,2.3101922999999998,8.087757,4.2339144,92.0,0.0020112714
1994-10,32.868153,204.187,0.086678855,15.0,0.50695205,5.2921332000000005e-05,1.3084474,2.2621617,8.078572,1.4588219999999998,92.0,0.001924434
1994-11,32.76457,204.89297,0.10318125,15.0,0.24718316,0.00043279363,1.4375873,2.2179634999999998,8.082460000000001,2.1464592999999996,92.0,0.0014360778
1994-12,32.76992,205.58084,0.12519552,15.0,0.021131625,0.020174934,1.3711288000000001,2.108431,8.0893135,5.3912497,92.0,0.0010688986
1995-01,32.58634,206.57023999999998,0.09848097,15.0,0.0059733205000000004,0.029961872999999997,1.1199,1.9233226000000003,8.095057,3.2723299999999997,92.0,0.0008361889599999999
1995-02,31.502598,209.23288,0.09780921,15.0,0.0076074367,0.005015911,1.3359723,2.5202357999999996,8.107084,2.796707,92.0,0.0008658574000000001
1995-03,32.416058,210.28922999999998,0.10098964,15.0,0.32592225,0.0002962545,1.4580853,2.863028,8.096639,2.4198496,92.0,0.0007202067599999999
1995-04,34.658046999999996,209.76642,0.0855908,15.0,1.998882,4.483237e-05,1.3292793999999999,4.359219599999999,8.070886999999999,1.3727732,92.0,0.0006728258
1995-05,35.93802,202.78455,0.085326165,15.0,2.127032,4.577205299999999e-05,1.3787316,4.5445237,8.057262,1.3292919,92.0,0.0010922446
1995-06,34.80321,200.24321,0.08290808,15.0,2.805931,6.531489e-05,1.2532493,4.67146,8.067287,1.5087271999999998,92.0,0.0014877138
1995-07,33.479942,202.40466,0.087352626,15.0,2.1196672999999997,9.0834146e-05,1.0389289000000002,4.3098373,8.080214,1.9616866000000002,92.0,0.0016829795000000002
1995-08,33.04457,202.71997,0.09501604,15.0,0.32451105,0.00010750726999999999,1.0418788,2.7514865,8.085515,2.3058517000000003,92.0,0.0018906741
1995-09,32.623515999999995,202.5417,0.0879293,15.0,0.23327684,0.00020487017,1.115135,2.6060672,8.087363999999999,2.0611873,92.0,0.002221831
1995-10,32.704044,203.3972,0.086736776,15.0,1.4260291999999999,5.5944090000000005e-05,1.3478202,3.8931382000000005,8.0819645,1.4559393,92.0,0.002155738
1995-11,32.19212,203.16818,0.08912547,15.0,0.51203763,0.0006525094,1.1996206,3.2808607000000003,8.09035,2.0841382,92.0,0.0015933176000000001
1995-12,32.018433,207.36852,0.10005742,15.0,1.004613,0.0010539081,1.2085979,6.0738907,8.097292999999999,2.9177136000000004,92.0,0.0016052817
1996-01,30.747324,211.14163,0.15508652,15.0,0.30112007,0.0014509938,1.3807938,4.610661,8.113272,6.1914625,92.0,0.001097769
1996-02,30.677362,212.9937,0.14695078,15.0,0.12189587,0.0005073094,1.3307953000000001,3.8676527000000003,8.11592,6.34756,92.0,0.00074093824
1996-03,32.554485,210.79465,0.11227807,15.0,0.020116873,0.00023726381000000002,1.4917768,2.8707043999999997,8.097000000000001,3.1753855,92.0,0.00060591375
1996-04,35.174625,205.7633,0.093336314,15.0,0.15374072,7.037343e-05,1.4543754999999998,2.6592295,8.068299,1.6382504999999998,92.0,0.00042539300000000004
1996-05,35.500145,201.11827,0.083794996,15.0,0.32716253,5.2065323e-05,1.338011,3.9112362999999997,8.063124,1.362409,92.0,0.0008648563
1996-06,34.827763,199.45938,0.08137747,15.0,0.07068852,0.00039294282999999996,1.1581016000000002,2.7160876,8.069612,1.6968851999999999,92.0,0.0011192365
1996-07,33.889835,200.8443,0.07816386,15.0,0.012269006,0.00088410045,1.0243648,2.8100123,8.078432000000001,1.7776381,92.0,0.0016113009
1996-08,33.77172,201.47188,0.08994693,15.0,0.0049031577,0.001688655,1.0908375,2.5054448,8.080174000000001,2.8356452,92.0,0.0018499001
1996-09,33.426826,202.10143,0.10483305,15.0,0.09322199,0.0005095809999999999,1.3048731000000002,3.0426178,8.081818,2.9019467999999997,92.0,0.0020873917000000003
1996-10,33.196293,202.29813000000001,0.087171376,15.0,0.30569738,6.2076986e-05,1.2556188,3.491974,8.082389,1.6477692,92.0,0.0019928687
1996-11,33.140114000000004,202.71368,0.092704035,15.0,0.04901793,0.00048485666,1.3228458,3.0399517999999994,8.084458999999999,2.1260881,92.0,0.0017889669
1996-12,32.628597,205.61346,0.10410569,15.0,1.3357478,0.0005224897,1.2837231000000002,6.461358000000001,8.091965,3.160332,92.0,0.0017027619
1997-01,31.428971999999998,209.80287,0.14740027,15.0,0.75171906,0.000737942,1.5767877000000001,5.9994955,8.10726,3.9624615,92.0,0.0013174998
1997-02,30.857437,212.0113,0.14274279999999998,15.0,0.14415492,0.00022127395,1.3958831,4.867596,8.113978,5.0264106,92.0,0.0009591133
1997-03,31.909258,211.48917999999998,0.10757708,15.0,0.46199223,0.00025496635,1.3419236,5.023710299999999,8.102788,3.287576,92.0,0.0008042925599999999
1997-04,34.14224,210.09067000000002,0.08847253,15.0,2.3496716,4.457347e-05,1.4350015,8.841676,8.079441000000001,1.3045607,92.0,0.0010089258
1997-05,35.65899,204.09161,0.08817797,15.0,1.5618173999999998,6.531946e-05,1.3861696000000001,6.3548584,8.06369,1.5274168,92.0,0.0011441887
1997-06,35.156586,200.00143,0.079705894,15.0,0.8093266,6.5443484e-05,1.1594802,4.6584644,8.066677,1.4861389999999999,92.0,0.0012730303
1997-07,34.12186,200.57628,0.09314419,15.0,0.017856307,0.0014494121,1.0724987,2.728728,8.076965,2.687509,92.0,0.0015859503
1997-08,34.62575,201.39937,0.12809001,15.0,0.0043700733,0.05490312,1.1445067,2.6030908,8.071058,4.898990599999999,92.0,0.0016432106
1997-09,34.230290000000004,202.80681,0.19873911,15.0,0.5593216999999999,0.061646737,1.6908081999999998,1.9385663,8.070853999999999,8.824454,92.0,0.0017609015
1997-10,33.589424,203.42700000000002,0.09126918,15.0,2.2316290000000003,6.271786e-05,1.2259219,2.5963235,8.073518,2.0053964,92.0,0.0016422365
1997-11,33.766921999999994,203.54205,0.17730077,15.0,0.25069317,0.0053066085,1.3553457,2.46549,8.077886999999999,9.2451935,92.0,0.0010022332
1997-12,33.250298,203.33315,0.11684403,15.0,0.12463501,0.0003829769,1.4126664,2.5263484,8.085866000000001,3.5582967000000005,92.0,0.0010131545
1998-01,32.114777000000004,205.54181,0.11159951,15.0,0.03041954,0.0038648217,1.4303873,2.3532264,8.099889,3.7642862999999998,92.0,0.0009257747
1998-02,31.506984999999997,210.87634,0.13375054,15.0,0.36084053,0.0002125955,1.3865347,3.7850980000000005,8.1069565,4.9944572,92.0,0.0007988442
1998-03,32.667840000000005,208.69104,0.10147794,15.0,0.45509243,8.9001005e-05,1.3768096,4.4898586,8.092412,2.2976403,92.0,0.0009607427
1998-04,33.825503999999995,209.70648,0.08762449,15.0,4.518994999999999,5.8750850000000003e-05,1.210908,5.6052475,8.0787325,1.9661814999999998,92.0,0.0010770516
1998-05,35.936035,203.17055,0.08711178,15.0,3.0609523999999997,5.2010370000000004e-05,1.3281031,4.818104,8.057386,1.5664314,92.0,0.0012632211
1998-06,34.804764,198.50932,0.08119244,15.0,2.399384,7.0175876e-05,1.2117171,4.6895986,8.066668,1.494898,92.0,0.001300708
1998-07,33.444935,201.09528,0.08614293,15.0,1.4917605,8.688431999999999e-05,0.9884068000000001,4.2831790000000005,8.079479,2.0170074000000002,92.0,0.0018452012
1998-08,33.42405,199.91963,0.08916584,15.0,0.16773570000000002,8.44964e-05,1.1049095,3.0653229,8.08122,2.0890927,92.0,0.0022491366
1998-09,32.956722,200.69629,0.08665827,15.0,0.06553789,8.811645e-05,1.1171886,3.127407,8.085238,1.9687748,92.0,0.0019946804
1998-10,32.877567,201.55546999999999,0.08437279,15.0,0.69759154,5.9153797e-05,1.2530828,3.7049065000000003,8.082295,1.5423474,92.0,0.0020268518
1998-11,32.969543,203.35352,0.09474075,15.0,0.22904481,0.00020312383,1.177853,4.379672,8.082934,2.3933911,92.0,0.0018364635000000002
1998-12,32.905646999999995,205.66588000000002,0.09711549400000001,15.0,1.0761946000000002,0.00037637659,1.2462517,5.9983830000000005,8.086647,2.5491104,92.0,0.0019033197
1999-01,32.14444,208.72588000000002,0.11631667,15.0,0.8841375,0.00012668304,1.2780749,6.146778,8.0965185,3.113426,92.0,0.0015097711999999999
1999-02,32.05699,208.80127,0.11104437,15.0,0.2091228,0.00013556518,1.312559,4.540458,8.098339999999999,3.5019025999999998,92.0,0.0011187186
1999-03,32.79224,209.11195,0.10324979,15.0,0.059807815,0.00018506154999999998,1.3930633,3.6903352999999997,8.091657000000001,2.7338831000000003,92.0,0.0007853493400000001
1999-04,34.811287,205.15971000000002,0.09140977,15.0,0.41651756,5.8979017999999995e-05,1.4392473999999997,4.711164,8.070086,1.6242888,92.0,0.0009368412400000001
1999-05,34.335552,200.78694,0.09190639,15.0,0.279751,8.2312064e-05,1.2612758,5.0848417,8.072543,1.9919695,92.0,0.0014586623999999998
1999-06,33.341133,202.35998999999998,0.10305553,15.0,0.21544902,0.0001137027,1.0580361999999999,5.294416,8.082602,2.7343535,92.0,0.0013287667000000001
1999-07,33.33147,202.38155,0.08815455400000001,15.0,0.3646926,8.653037e-05,1.0301030999999998,3.6161678,8.0819845,1.9969691000000003,92.0,0.0016903280999999999
1999-08,32.927914,203.5164,0.09420965,15.0,0.13360217,0.00021398017999999997,1.0065193000000001,3.9524275999999996,8.085308,2.359666,92.0,0.0020008770000000003
1999-09,33.191525,204.06663999999998,0.08902985599999999,15.0,0.30036324,0.001098984,1.1026423,3.6983924,8.080205,2.3047937999999997,92.0,0.0020780112
1999-10,33.372612,203.76254,0.08631919,15.0,0.8476089,6.5255284e-05,1.2980534,3.786569,8.073525,1.4947101,92.0,0.0020942779
1999-11,32.92553,204.33221,0.08225424,15.0,0.5892821999999999,5.687595999999999e-05,1.2263865,4.4217987,8.080157,1.4596438,92.0,0.0017031278
1999-12,32.64585,204.9736,0.096187755,15.0,0.0406264,0.0019263398,1.2668177,3.5389333,8.087495,2.617759,92.0,0.0014041006
2000-01,32.027744,211.09822000000003,0.10635621,15.0,1.3618481000000002,0.0005635744,1.2706012,8.489741,8.098119,3.038549,92.0,0.0017065752
2000-02,31.456471999999998,212.37262,0.100721985,15.0,0.74763054,9.856879499999999e-05,1.2659818,6.327652,8.104797999999999,2.390127,92.0,0.0011841529
2000-03,32.627094,210.84953,0.09310039,15.0,0.47360486,8.1820515e-05,1.3195676,5.716801599999999,8.0922365,1.9415832999999998,92.0,0.0010339678
2000-04,34.697796000000004,207.07896000000002,0.09122919,15.0,0.8371348,5.6961373000000006e-05,1.4268522,5.855087999999999,8.070202,1.6213792999999999,92.0,0.0009642033000000001
2000-05,35.203666999999996,202.47617,0.08864045,15.0,0.5627786,7.0185604e-05,1.3233898000000002,5.652719,8.063556,1.7554619999999999,92.0,0.0011236197
2000-06,34.137733000000004,201.77107,0.09550901,15.0,0.1921715,0.00011675952600000001,1.0605563999999998,5.7680573,8.073315,2.5430715,92.0,0.001354183
2000-07,33.792107,202.57066,0.10002503,15.0,0.019628055,0.0030001695,1.0525767,4.647453,8.077424,3.266854,92.0,0.0015080592
2000-08,33.784775,202.08266,0.0937904,15.0,0.015369451999999999,0.0003075545,1.1372766,3.20568,8.077805499999998,2.5388927000000003,92.0,0.0019749657
2000-09,33.311337,203.02087,0.088012144,15.0,0.34615007,9.657884e-05,1.1140326,3.1484451,8.080164,1.8827076,92.0,0.0021838026999999997
2000-10,33.51958,203.26775,0.0842824,15.0,0.6786886,5.8998037e-05,1.2541722,4.432173000000001,8.075078,1.5113518,92.0,0.0019275071
2000-11,33.281864,204.78265,0.09038681,15.0,0.4236271,7.432786e-05,1.2854446000000002,4.6059117,8.078479,1.7392915,92.0,0.0017161772
2000-12,33.00907,204.9298,0.09552744,15.0,0.09342547,0.002465434,1.2281121000000002,3.5712843,8.08517,2.7084892000000003,92.0,0.0014174079999999998
2001-01,32.527386,208.10252,0.10499391,15.0,0.70365113,0.0007836821000000001,1.3026903,6.242662,8.093957000000001,3.001182,92.0,0.0014156353
2001-02,32.35112,211.15082,0.10018255,15.0,0.9849610999999999,9.7626405e-05,1.311627,7.982038,8.097217,2.3757873,92.0,0.0013695655999999999
2001-03,33.039257,209.95311,0.093720645,15.0,1.1220993000000001,7.012161e-05,1.3725711,7.881719,8.089177000000001,1.8272673,92.0,0.0010483995
2001-04,35.111670000000004,208.84462,0.09145689,15.0,4.433713,4.5481258e-05,1.4834132,11.582975999999999,8.067829,1.3789457,92.0,0.0013957778
2001-05,36.17524,203.51173,0.08893714,15.0,7.330441,5.104184e-05,1.4670142,11.987383,8.055827,1.3775164,92.0,0.0018086912
2001-06,34.466183,202.3233,0.08253994,15.0,3.4767406000000003,7.179895999999999e-05,1.1409288999999998,8.60493,8.070897,1.6841133999999998,92.0,0.0015609461
2001-07,33.594604,203.46112,0.08552388,15.0,1.8529651000000003,8.2896404e-05,1.0259261999999998,7.4599667,8.077614,1.9983404999999999,92.0,0.001904348
2001-08,33.68016,203.30331,0.09942627,15.0,0.8632164000000001,0.000106333115,1.0800368999999999,5.885614,8.076717,2.5052483,92.0,0.0018822529000000001
2001-09,33.77171,202.33868,0.08602703,15.0,1.036546,6.0795659999999995e-05,1.2062281000000001,4.065094,8.073255,1.6436901999999998,92.0,0.0023525953
2001-10,33.60535,202.81013000000002,0.08619312,15.0,2.1539147,5.592187e-05,1.3430549999999999,4.684440599999999,8.070155999999999,1.4094883999999999,92.0,0.0021268157
2001-11,33.059253999999996,202.88521,0.08985544,15.0,0.6855456,7.089447e-05,1.2827437,4.3327827,8.080235499999999,1.7036426,92.0,0.0019230179
2001-12,32.53667,205.64963,0.10532649,15.0,0.08475116,0.002101961,1.308154,4.634806,8.0911455,3.0854173,92.0,0.0015184861
2002-01,32.175262,208.77325,0.10987381,15.0,0.6915879,0.0013744814999999998,1.2542862,6.859972,8.096442999999999,3.3182414,92.0,0.0013949624
2002-02,31.629590999999998,210.3417,0.09811452,15.0,0.6100524,0.000101437465,1.2546438999999998,6.524625299999999,8.102511999999999,2.3870169999999997,92.0,0.0011758547999999999
2002-03,32.486571999999995,211.96613,0.09238098,15.0,0.5524033,7.0419934e-05,1.3218277,5.461541,8.093708,1.8156427,92.0,0.0007898086
2002-04,35.39488,209.90141,0.08916289,15.0,1.8220776,4.4012097000000003e-05,1.4802828000000001,8.461444,8.063153,1.3008773,92.0,0.0009957191
2002-05,36.836690000000004,203.66447,0.08554289999999999,15.0,4.7720613,5.0689687e-05,1.3905236,11.968183,8.048735,1.3644392,92.0,0.0015342445
2002-06,34.87443,200.65831,0.08048459,15.0,1.7659181000000002,6.2135114e-05,1.1881883,6.978142699999999,8.066294000000001,1.4454707,92.0,0.0013577859
2002-07,34.37753,200.78761,0.08416195,15.0,0.3158641,0.00044708192999999997,1.0561999,4.465756,8.0711775,1.9048462,92.0,0.0015514925
2002-08,33.977115999999995,201.37599999999998,0.11119638400000001,15.0,0.03357773,0.0011413171,1.1076659,3.4983037000000006,8.075576,3.7249377,92.0,0.0018935262
2002-09,33.68027,202.39212,0.09787056599999999,15.0,0.30388492,0.00045112699999999995,1.2129424,3.7807155,8.074922,2.5863087000000005,92.0,0.0019660958
2002-10,34.299488000000004,202.27309,0.08704067,15.0,1.1259731000000002,5.0714413999999995e-05,1.3631448999999998,4.291926,8.066173,1.4779783000000002,92.0,0.0020928667000000003
2002-11,33.771336,202.63402,0.0878514,15.0,0.8624997999999999,7.373185000000001e-05,1.3025583,4.602921,8.072161,1.6780012999999998,92.0,0.0016611339999999999
2002-12,33.130905,203.05972,0.08739052,15.0,0.11157774,0.0007043729400000001,1.184396,3.8531322,8.081747,2.2389085,92.0,0.0012704853
2003-01,32.228953999999995,206.01915,0.100574926,15.0,0.24346298,0.004643883,1.2548293,4.2818418,8.094966000000001,3.0493007000000003,92.0,0.0012689984
2003-02,32.65664,207.49973,0.10163895,15.0,0.006302694300000001,0.005911844300000001,1.3270046,3.4108856,8.092537,3.2569394,92.0,0.0008935868
2003-03,33.402683,208.77008,0.11114232,15.0,0.02444153,0.0017560885,1.561966,3.2810032,8.085052000000001,3.2775046999999997,92.0,0.0007172042
2003-04,35.444927,208.11398,0.09317021,15.0,3.435525,5.025538e-05,1.5050416000000002,9.127089,8.063547,1.4933677,92.0,0.0012306630000000001
2003-05,35.72784,204.75662,0.08661694,15.0,4.887318,6.4376676e-05,1.3187114,9.498981,8.060222,1.5873972,92.0,0.0014283382
2003-06,35.198444,200.93265,0.0836537,15.0,2.160093,8.713799600000001e-05,1.1165888000000002,6.1303897,8.063948,1.7589662,92.0,0.0013426897
2003-07,33.984158,201.44687,0.094313756,15.0,0.50632524,0.00011915731000000002,1.0135047,3.8755186000000004,8.075477000000001,2.2960238,92.0,0.001698401
2003-08,33.66356,202.09933,0.09525557,15.0,0.39903012,0.00010603867,1.0657808000000002,3.7956019999999997,8.076749000000001,2.294167,92.0,0.0020743470000000003
2003-09,33.38132,203.27617,0.09469743,15.0,0.19786938,9.674823399999999e-05,1.0502088,4.042491399999999,8.0785675,2.3927948,92.0,0.0019860691
2003-10,34.490936,201.41818,0.08659893,15.0,0.05620864,5.7032285e-05,1.3042978,3.4878242,8.067042,1.5363448,92.0,0.0017171234
2003-11,34.235394,202.56232,0.0895952,15.0,0.87602717,5.5784636e-05,1.4350413,4.9700904,8.069903,1.5021765,92.0,0.0017175957999999998
2003-12,33.513003999999995,203.18092,0.09481069,15.0,0.23288403,0.0005845628,1.2379551000000002,3.7512087999999997,8.080124,2.6560462000000005,92.0,0.0015556423000000002
2004-01,33.00401,208.53763,0.09377455,15.0,1.95858,7.854985e-05,1.2868943000000002,7.624885000000001,8.089611,1.9526637999999998,92.0,0.0016431693
2004-02,32.06889,210.11227000000002,0.11778285,15.0,0.4406639,0.00017832299999999998,1.2377026000000002,4.886584,8.099553,4.1339946,92.0,0.0010257682
2004-03,32.75495,210.66951,0.09972002,15.0,1.6824017,8.991779e-05,1.397775,6.2555084,8.091403,2.3450029999999997,92.0,0.0009385365400000001
2004-04,35.156643,207.25786000000002,0.09301494,15.0,1.9202198,5.438159000000001e-05,1.4954249,6.442679,8.065802,1.6072683,92.0,0.00092867244
2004-05,36.120235,202.79752,0.08833202,15.0,1.4118778,8.506521e-05,1.2387315,5.793774,8.055015,1.8787931,92.0,0.0010452975
2004-06,34.589622,201.6188,0.110573225,15.0,0.28577759999999996,0.00017071776999999998,1.0196412000000001,3.9612176,8.069203,2.744638,92.0,0.0010024054
2004-07,34.12603,202.25933999999998,0.12525004,15.0,0.014823468000000001,0.0011586783000000001,1.1127096,4.400613,8.073004,4.842342400000001,92.0,0.0012819902
2004-08,33.927417999999996,202.65938,0.10420146599999999,15.0,0.49229854,0.00248964,1.0396829,3.9321029999999997,8.0758,2.8222728,92.0,0.0019698504
2004-09,34.764114,202.0855,0.098901235,15.0,0.24271876,0.00015663756,1.1272501,3.7234073,8.067891,3.0286592999999997,92.0,0.0019566044
2004-10,35.239414000000004,201.1937,0.092503324,15.0,0.14169009,0.00020033238999999997,1.2465454,3.4054252999999997,8.062757000000001,2.3810162999999998,92.0,0.0015860120000000001
2004-11,34.36456,202.10201999999998,0.08867508,15.0,0.91971457,6.0414364e-05,1.3927985,4.149275299999999,8.068461,1.5435743,92.0,0.0016250669
2004-12,34.01323,203.06636,0.0927327,15.0,0.023817895,0.0019304623,1.2584001,3.3795523999999997,8.076611,2.6449873,92.0,0.0011355131
2005-01,32.96802,206.9175,0.11748528,15.0,0.094727434,0.0036014267,1.3718803,3.6112287000000003,8.089652000000001,4.147615,92.0,0.0009663222
2005-02,32.605564,209.53088,0.11683805,15.0,0.3494563,0.00015604798999999998,1.3608348,4.4814153,8.093875,3.8512545,92.0,0.0009253711
2005-03,34.22495,208.91626000000002,0.095895454,15.0,0.6472819000000001,7.229196e-05,1.3818847,4.8324695,8.07673,2.0058084,92.0,0.0008172671
2005-04,36.13729,205.84618999999998,0.09055519,15.0,4.5967684,4.5193756e-05,1.4946651000000002,7.6482806,8.054892,1.3673003000000001,92.0,0.0012282667
2005-05,36.74689,202.59312,0.086351804,15.0,4.3772774000000005,5.31261e-05,1.3971046999999999,7.673417999999999,8.049806,1.4917185,92.0,0.0015574832
2005-06,35.583529999999996,199.87161,0.083559334,15.0,2.328463,8.162562e-05,1.1464158000000002,7.255684,8.059683,1.8449133999999998,92.0,0.0017340822
2005-07,34.391586,201.96031000000002,0.11186465599999999,15.0,1.74235,0.00015699312,1.0923492,6.881963000000001,8.070945,3.0013533,92.0,0.0018236545
2005-08,33.97718,202.7683,0.13010126,15.0,0.6248694,0.00018194504,1.1178975,5.428102,8.074542999999998,4.023071,92.0,0.0018117569
2005-09,34.302494,201.71628,0.09216243,15.0,0.52295935,9.70005e-05,1.1247071000000002,5.029941,8.070404,2.3468327999999996,92.0,0.0019229929999999998
2005-10,34.935432,201.06812,0.0853826,15.0,0.0837429,6.248183e-05,1.2191576000000002,3.9221375,8.063519,1.6989127,92.0,0.0016758423000000002
2005-11,34.370426,201.52603,0.08875151,15.0,0.120320514,7.844625e-05,1.2497528,4.292573,8.068028,1.8393557,92.0,0.0014392907
2005-12,33.705036,203.18108999999998,0.08927130000000001,15.0,0.024637697000000004,0.0008039553599999999,1.0965182,4.823195,8.076407000000001,2.3933265,92.0,0.0016571048999999998
2006-01,33.353237,205.24671999999998,0.10302839999999999,15.0,0.006807878000000001,0.0018154504999999999,1.3134409,4.56475,8.083134,3.3706906,92.0,0.0013937214000000002
2006-02,33.333652,206.78049,0.11264647,15.0,0.008390065,0.0024460455999999998,1.4838791,4.28378,8.085081,3.8388419999999996,92.0,0.0011974241000000001
2006-03,34.166717999999996,209.9861,0.10009668,15.0,0.49411315,9.943011000000001e-05,1.442965,6.197998999999999,8.076699000000001,2.1232537999999996,92.0,0.0009264195
2006-04,36.262015999999996,205.99388000000002,0.09122864,15.0,1.2311647,5.697679e-05,1.4876785,8.919814,8.055131,1.453967,92.0,0.0012266194000000001
2006-05,36.018246000000005,200.58818,0.08671515,15.0,0.38367763,6.642893e-05,1.2089106,6.1793203000000005,8.055304,1.7680126,92.0,0.0015275931
2006-06,34.893359999999994,201.27557,0.084212266,15.0,1.1889834,7.378076e-05,1.1474143,7.1127768,8.065309,1.7250773999999998,92.0,0.0015278479999999998
2006-07,34.59225,201.87248,0.08244951,15.0,0.8470778,8.297789000000001e-05,1.001588,6.374802,8.067582000000002,1.8538308000000001,92.0,0.0016451633
2006-08,34.05003,202.55276,0.09697968,15.0,0.21126461,0.000143246,1.0001792,4.976624500000001,8.072277,2.3728877999999995,92.0,0.0018721862
2006-09,34.02145,203.27742,0.09252227,15.0,0.45975614,0.00022325064,1.1670995000000002,3.7549195,8.069138,2.2223105,92.0,0.0020989147
2006-10,34.12334,204.12682,0.08270764,15.0,1.7451918999999998,4.9872622e-05,1.2188306,4.659612999999999,8.063722,1.4021362,92.0,0.0019128195999999998
2006-11,34.550346000000005,204.04436,0.08608519,15.0,1.8887107,4.9078540000000004e-05,1.3944964,5.2247853,8.059686,1.318252,92.0,0.0016778435999999998
2006-12,34.325916,206.8953,0.106380925,15.0,2.2594595,0.00030996668,1.4472133999999999,5.5893455,8.071767999999999,2.2497408,92.0,0.001771856
2007-01,32.687909999999995,208.39484,0.1624319,15.0,0.2683874,0.0019129701999999998,1.6851011999999999,4.110039700000001,8.091578,5.889021400000001,92.0,0.0009741482
2007-02,33.005493,209.97852999999998,0.16351308,15.0,0.25271305,0.0013323646,1.8765688999999999,4.215433,8.089542,7.017221000000001,92.0,0.0009013961999999999
2007-03,33.183537,211.56382999999997,0.114100434,15.0,0.34070992,0.0015271339999999999,1.3036928,4.008508999999999,8.085901,4.043011,92.0,0.0006163914
2007-04,35.84669,211.58524,0.08853263,15.0,5.150306,4.5579246999999994e-05,1.4169885,6.081588,8.053896,1.366211,92.0,0.0012681452
2007-05,35.713356,205.55762,0.08446953,15.0,4.456595,6.142702e-05,1.2202518,5.8410482,8.055488,1.4998368,92.0,0.0012671441
2007-06,35.711803,202.69286,0.08816938,15.0,3.7759342000000005,6.825397e-05,1.2342950000000001,6.008682,8.053173,1.6101292,92.0,0.0014770809
2007-07,35.411274,202.35048,0.14063208,15.0,0.27455065,0.016425572,1.1059103000000001,3.8259327000000005,8.061131,6.0966260000000005,92.0,0.0013129163
2007-08,36.011658000000004,201.74771,0.119578145,15.0,0.0047252094,0.03975015,1.0959471,3.160201,8.055602,4.2982607,92.0,0.0016633510999999998
2007-09,35.84512,202.3702,0.11098588,15.0,0.00612747,0.042795267000000005,1.2521523,3.1531522,8.055332,4.044324,92.0,0.0019176522
2007-10,35.11902,203.07225,0.101582035,15.0,0.012012531000000002,0.0020425904,1.2108063999999998,3.3501544,8.059501,3.3375377999999998,92.0,0.0015410522
2007-11,35.253820000000005,202.55597,0.09922514,15.0,0.009518037,0.010013328,1.2283311000000001,2.4455202000000003,8.058855,3.1256907000000003,92.0,0.0012599006
2007-12,34.07547,207.03368,0.10402923,15.0,0.71561444,0.0045698537,1.2999505,5.4538193,8.073906,2.6124701,92.0,0.0016355814999999998
2008-01,33.27375,209.1716,0.11036732,15.0,0.12303672,0.00013545362,1.2156717,4.8771615,8.082581,2.9741406,92.0,0.0011920236
2008-02,33.110146,209.88687000000002,0.10670092,15.0,0.0072910665,0.0013705619,1.2986419,3.9638772000000007,8.08638,3.6935022000000006,92.0,0.0008856471000000001
2008-03,34.22583,209.36917,0.097356915,15.0,0.08985931,0.00012848938,1.4298937,3.6474092000000002,8.075644,2.13246,92.0,0.0008022456299999999
2008-04,36.773376,205.62509,0.09217442,15.0,0.5587691999999999,5.695020400000001e-05,1.4913589,4.417879599999999,8.049213,1.5925205,92.0,0.0008777233300000002
2008-05,36.784874,201.26099,0.08781313,15.0,0.408408,6.8899484e-05,1.2864678,3.6231222,8.048185,1.6568373,92.0,0.0008430641000000001
2008-06,36.055477,201.23752,0.080423124,15.0,1.7291106,6.5737724e-05,1.1514566000000002,5.392800299999999,8.053294000000001,1.455072,92.0,0.0013455149
2008-07,34.710403,202.91926999999998,0.08223648,15.0,0.6480623999999999,8.897512500000001e-05,1.0243518,3.1023579,8.066075999999999,1.6982605,92.0,0.0017796669
2008-08,35.011356,202.87595,0.09260307,15.0,0.019554589,0.0020255942,1.0798056,2.727261,8.063935,2.8892932,92.0,0.0019461554000000001
2008-09,36.024592999999996,202.19576,0.10538382,15.0,0.007066348,0.020545065,1.3302334999999998,2.6556766,8.055332,3.4819921999999996,92.0,0.0019452417000000001
2008-10,36.407016999999996,202.38338000000002,0.11640656,15.0,0.0167552,0.0070130965000000005,1.5933237,2.6875255,8.050369,4.1275797,92.0,0.0016385832999999998
2008-11,35.858470000000004,201.19799999999998,0.099131204,15.0,0.006786854,0.0056172246,1.313184,2.4884696,8.055241,3.1859669999999998,92.0,0.0013659854999999999
2008-12,34.55594,203.25298,0.09697368,15.0,0.024139492000000002,0.00070772634,1.2885841999999998,3.0874875,8.069036500000001,2.6443220000000003,92.0,0.0013377051999999999
2009-01,33.64588,208.28133,0.11178699999999998,15.0,0.75044984,0.00017469276000000003,1.2682289,6.2871879999999996,8.079752000000001,3.0264710999999997,92.0,0.001447435
2009-02,33.38238,210.42717000000002,0.11886282,15.0,0.8515278000000001,0.0006240768,1.39049,6.3551965,8.0839205,3.8584633000000004,92.0,0.0011106981
2009-03,35.14405,210.10802,0.09503143,15.0,1.3528216,6.805550999999999e-05,1.4204673,8.07244,8.065487,1.8656291,92.0,0.001014196
2009-04,36.794235,206.61299,0.089806564,15.0,2.8423674,4.9792754e-05,1.4522053999999998,10.589279,8.048316999999999,1.3871784,92.0,0.0010458154
2009-05,37.659420000000004,201.31566,0.08533986,15.0,2.8504221000000003,5.5086948e-05,1.3626629,9.090044,8.039619,1.471099,92.0,0.0012048737
2009-06,36.053020000000004,200.33813,0.078841306,15.0,2.3017112999999996,6.900907e-05,1.0669037000000001,6.9041877000000005,8.052871000000001,1.6168897,92.0,0.0013047113
2009-07,35.113983000000005,201.94339,0.112056404,15.0,1.0355415000000001,0.00043341965999999996,1.0593718,4.8764405,8.061569,3.105557,92.0,0.0014591162
2009-08,35.005756,201.61479,0.10280229,15.0,0.11313196,0.001711429,1.034745,3.2687755000000003,8.064325,3.222674,92.0,0.0020248648
2009-09,35.289173,201.44898999999998,0.10162199,15.0,0.11921865,0.00011592141999999999,1.1666702,3.4260647000000004,8.060601,2.9087447999999996,92.0,0.0018982172
2009-10,35.253997999999996,201.85135,0.0875165,15.0,0.42690507,7.587286999999999e-05,1.1790148,3.6698432,8.058205000000001,2.0041995,92.0,0.0017902775
2009-11,36.09118,200.75726,0.08953513,15.0,0.12112867,0.00033665777000000004,1.3450681999999998,3.4507057999999997,8.052533,2.0572226000000002,92.0,0.0013968556
2009-12,34.687484999999995,204.57333,0.09409946,15.0,0.38815483,0.00020010705000000003,1.2564006,5.807238,8.066709,2.126978,92.0,0.001500691
2010-01,33.946715999999995,206.32986,0.10757260000000002,15.0,0.103612736,0.00024591325000000003,1.2193935,5.0056519999999995,8.076219,3.285849,92.0,0.0012755066
2010-02,33.746758,206.84775,0.10392668,15.0,0.019990956,0.0004200828,1.3857294,3.8518187999999993,8.081257,2.756165,92.0,0.0009906087
2010-03,35.09516,207.2964,0.09639321,15.0,0.40706867,0.00010512478999999999,1.4428313999999998,4.099199,8.067919,2.0390973000000003,92.0,0.0008982089
2010-04,37.60281,206.28091,0.08955613,15.0,3.645475,4.295571e-05,1.4959221,7.2659245,8.042063,1.3351864,92.0,0.0011134195
2010-05,40.019596,200.53513999999998,0.08672641,15.0,2.911824,5.597646e-05,1.411281,8.375544,8.021296000000001,1.5270622999999999,92.0,0.0017449958
2010-06,37.362125,198.57863999999998,0.078404695,15.0,2.0053682,7.0159535e-05,1.0933583999999998,6.978071000000001,8.043339,1.6132175,92.0,0.0015185002
2010-07,35.92562,200.11043999999998,0.08800347,15.0,0.6622786,0.0006270297,1.0338844,4.9068192999999996,8.055875,2.2180958,92.0,0.0015485066
2010-08,35.310764,199.93176,0.08610375,15.0,0.005463789,0.0010575786,1.0563372,3.4053223,8.06066,2.5151162,92.0,0.0019783403
2010-09,35.701378000000005,202.85188,0.10806436,15.0,0.56206715,0.0033114264000000003,1.2152714,5.958268,8.055625,3.6305629999999995,92.0,0.0020307035
2010-10,35.520817,203.26221999999999,0.08703505,15.0,1.6180606000000002,7.3342184e-05,1.2125872,8.070208000000001,8.05668,1.7643408,92.0,0.001986929
2010-11,34.797897,203.30008,0.0992831,15.0,0.76724774,0.00031702182999999995,1.2995371999999998,5.7919273,8.065283,2.8517747000000004,92.0,0.0018841832999999999
2010-12,34.707912,204.98685,0.22203784,15.0,0.46287397,0.009909016999999999,1.9505534,4.527667500000001,8.070592,13.0852375,92.0,0.0012023944
2011-01,34.458527000000004,205.92412,0.14885367,15.0,0.115784355,0.02173821,1.3850281999999998,3.6239731,8.073464999999999,8.013586,92.0,0.0008015881
2011-02,33.871613,210.51361,0.118591994,15.0,0.8092663,0.0012452208,1.3086258999999998,7.423706500000001,8.080396,4.073913,92.0,0.0013796936
2011-03,34.01056,210.46965,0.10143017,15.0,0.8274048,0.00011339596000000001,1.2326573,7.772085700000001,8.077124000000001,2.5551145,92.0,0.0011849296000000001
2011-04,36.130720000000004,208.46707,0.08925899,15.0,1.1662261,5.6355388e-05,1.3962406,7.680902000000001,8.056161,1.5877647,92.0,0.0010898896000000001
2011-05,36.57015,203.29336999999998,0.087120876,15.0,1.4744303,6.493251599999999e-05,1.3402976,7.680625999999999,8.04996,1.6261257,92.0,0.001180265
2011-06,35.564840000000004,202.3205,0.08383214,15.0,0.6756042,8.548492000000001e-05,1.0509647,5.305288,8.058442,1.8359221999999997,92.0,0.0011831126
2011-07,35.34948,201.49333000000001,0.08167581,15.0,0.024234787999999997,0.0009487025,1.0028926,3.5997882000000003,8.060566,1.966869,92.0,0.0015281547
2011-08,35.115093,201.72281,0.08285244,15.0,0.004681144,0.0018919842999999999,1.0029712,3.2862115,8.063067,2.2806417999999997,92.0,0.0018935498
2011-09,34.98255,202.53575,0.0883216,15.0,0.28161973,0.0018048729999999998,1.0621673,3.1846664000000002,8.062498,2.2809687000000003,92.0,0.002041989
2011-10,34.70211,203.49612,0.08526056,15.0,1.5509096000000002,5.5951943e-05,1.3175892,3.838594,8.057746,1.4610902,92.0,0.0022942275
2011-11,35.253563,204.1425,0.09217324,15.0,1.2059283,6.113291e-05,1.4109791999999999,5.3645629999999995,8.057934,1.5471015,92.0,0.0020473073
2011-12,34.73728,204.46526,0.10438312599999999,15.0,0.6979741,0.0013856106,1.2900421999999998,4.521692,8.066336999999999,2.4355352000000003,92.0,0.001670646
2012-01,34.38224,205.24033,0.1033858,15.0,0.13307725,0.0028684302,1.180776,3.795318,8.0716915,3.5753481,92.0,0.0012470218
2012-02,33.386494,210.10666,0.12795083,15.0,0.69765675,0.0008687817599999999,1.4159801,5.347347,8.0843,4.2440430000000005,92.0,0.0011261228
2012-03,34.068787,213.04326,0.103734374,15.0,3.7046117999999995,8.711577499999999e-05,1.4198028999999999,7.77867,8.075465,2.3559144,92.0,0.0010411311
2012-04,37.633236,208.34688,0.09079566,15.0,3.2698379,4.5004865e-05,1.487126,8.206495,8.041273,1.4130516000000002,92.0,0.0012266121
2012-05,38.20073,202.63768000000002,0.08844532,15.0,5.5477943,5.437602e-05,1.4733808000000002,9.060881,8.034423,1.4235308,92.0,0.0014602549
2012-06,36.68379,201.70341000000002,0.12549436,15.0,1.7377194999999999,0.0001999818,1.161817,5.5103054,8.04866,3.8569999999999998,92.0,0.0012129168
2012-07,35.353065,202.09444,0.12112478,15.0,0.23448281,0.00021584888,1.0406245,4.4603486,8.0610695,4.2784343,92.0,0.0014470589
2012-08,35.258934,202.63687,0.12058549,15.0,0.024201166,0.0040093329999999995,1.1233313999999999,4.0153620000000005,8.061664,4.571226,92.0,0.0016073904000000001
2012-09,35.227367,202.03958,0.095169395,15.0,0.005321603,0.0031602061,1.0373276,3.1670682,8.062369,3.0541961,92.0,0.0017431441
2012-10,35.700497,202.68504,0.08672555,15.0,0.7797135000000001,8.397079400000001e-05,1.2917044,4.3839498,8.052631,1.6476716,92.0,0.0018694247
2012-11,36.141870000000004,203.35097,0.086873375,15.0,1.5504483,6.729112e-05,1.3178841000000001,6.503133999999999,8.047605,1.5276746,92.0,0.0018883017999999998
2012-12,34.681020000000004,203.34338,0.0926698,15.0,0.14964843,0.0008246233999999999,1.2349256000000002,3.8197467000000005,8.066192,2.5779433,92.0,0.0013905070999999998
2013-01,34.09935,205.88686,0.10165263,15.0,0.16454735,0.005859199,1.2922071000000002,4.198158,8.074772,3.0354118,92.0,0.0010893111
2013-02,34.02133,208.34207,0.12475001,15.0,0.06355006,0.0075143273,1.3622383999999998,3.8427074,8.077129,5.0630045,92.0,0.0008100217
2013-03,34.702324,208.45642,0.09741283,15.0,0.18784794,8.2010025e-05,1.3710377,4.1684475,8.070667,2.2356417,92.0,0.0008257754400000001
2013-04,37.403209999999994,206.80923,0.09270345,15.0,3.2806866,5.0767772e-05,1.4811456,7.274686999999999,8.043016,1.52031,92.0,0.0012269715
2013-05,38.754936,202.64359,0.08811403,15.0,5.921686,5.2768053e-05,1.4587758,8.041245,8.030642,1.3747348999999998,92.0,0.0016868847
2013-06,36.706173,201.43434,0.07987849,15.0,3.2188513,7.498984e-05,1.0862219,6.7182674,8.047665,1.6227931999999998,92.0,0.0015227381
2013-07,35.381313,203.30682,0.09493508,15.0,1.8557965,0.00011090591999999999,1.0632983,6.156053,8.058919,2.2857497,92.0,0.0017649201000000002
2013-08,35.250492,203.59842,0.093632,15.0,0.54485047,0.00010592348999999999,1.0076386999999998,4.7653550000000005,8.059515,2.2452662,92.0,0.0018392154
2013-09,35.392635,203.00644,0.08725846,15.0,0.13116483,8.798764000000001e-05,1.1008828000000002,4.204779599999999,8.057331,1.9630130000000001,92.0,0.001959371
2013-10,35.477940000000004,203.33113,0.085181616,15.0,0.33645764,6.5657536e-05,1.1728804,4.1698154999999995,8.0547085,1.6773354999999999,92.0,0.0017475939
2013-11,35.453537,203.10783,0.085716024,15.0,0.27854759,6.556017e-05,1.2422392,4.9711614,8.054544,1.6169583,92.0,0.0016417393
2013-12,34.55519,205.86995,0.08700194,15.0,0.39384678,8.412505999999999e-05,1.0889933,6.294382,8.064862,1.8401505,92.0,0.0014558311
2014-01,33.36619,208.75195,0.10420662,15.0,0.054033488,0.0017213302,1.1488105,5.523207,8.079329,2.9221325,92.0,0.0012261397
2014-02,33.472034,210.40874,0.10091044,15.0,0.023799561,0.0012426584,1.2520348,4.6417737,8.0805855,2.9169384999999997,92.0,0.0010097296
2014-03,34.488728,211.07631,0.095941715,15.0,1.068633,0.0001059939,1.4227967,6.168946,8.071136,1.9474890999999999,92.0,0.000984328
2014-04,37.440834,209.38164,0.09219654,15.0,3.9054017,4.7511054e-05,1.5282532,9.29758,8.042195,1.4027513,92.0,0.0011025219999999999
2014-05,38.94498,202.90892,0.08692068,15.0,1.9458218,5.3847e-05,1.4301594,5.9697804,8.027022,1.4262247,92.0,0.0010599706
2014-06,37.335144,201.1745,0.08099093,15.0,1.0769861,7.86829e-05,1.0837965,5.0993786,8.040019000000001,1.6848854,92.0,0.0013026638
2014-07,36.360085,201.77795,0.10167299,15.0,0.43409255,0.00043763107000000006,1.0456214,4.577328,8.048425,2.7547257000000003,92.0,0.0015930848
2014-08,35.936859999999996,202.73889,0.09924343,15.0,0.02075631,0.0028264902,1.0440822,4.14198,8.0520315,3.1153793,92.0,0.0018260803
2014-09,35.595337,203.47063,0.09675518,15.0,0.8399914,0.00022029922000000001,1.1634431,4.2205863,8.052901,2.4773917,92.0,0.0021367461999999998
2014-10,36.101624,203.09767,0.085093975,15.0,1.9126275000000001,5.7426689999999996e-05,1.2649416999999998,4.500325,8.045958,1.5230582000000001,92.0,0.001956977
2014-11,36.140976,202.72803000000002,0.08498109,15.0,0.94284576,7.095933e-05,1.1704811000000002,4.25068,8.046301,1.7708506999999998,92.0,0.0016880875
2014-12,36.10941,204.12067,0.110244595,15.0,0.038308755,0.0013949910999999998,1.3121477,4.887080999999999,8.050942,3.3069900999999997,92.0,0.0015457979
2015-01,35.895759999999996,204.01726000000002,0.098947525,15.0,0.0062606563,0.019167263,1.1924517,3.7392428,8.057634,3.3307767,92.0,0.0010379675
2015-02,35.266253999999996,206.35956000000002,0.12154188,15.0,0.008249484,0.017339833,1.5352826000000002,3.7735769999999995,8.065785,4.302908,92.0,0.0008671212699999999
2015-03,35.79165,208.53531999999998,0.13559362,15.0,1.8603724999999998,0.0077301464,1.7173726999999999,6.0734900000000005,8.060306,4.472875599999999,92.0,0.0008849388699999999
2015-04,38.212883000000005,209.48508999999999,0.09146900000000001,15.0,5.884275,4.4357843e-05,1.4807453000000002,11.109826,8.036166999999999,1.380495,92.0,0.0014136487
2015-05,39.10756,203.21912,0.08631514,15.0,2.2431896,5.453068e-05,1.407426,5.7879515,8.027225,1.4510546,92.0,0.0011435262
2015-06,37.66919,200.72891,0.08321754,15.0,1.8419616,8.170141499999999e-05,1.1558752,5.7052574,8.039036,1.6888875,92.0,0.0013698349
2015-07,36.623318,201.03716,0.09412878,15.0,0.28046809999999994,0.00015502256,1.0013020000000001,4.329601,8.047661999999999,2.5687344,92.0,0.0015501676999999999
2015-08,36.091484,201.80676,0.10348721,15.0,0.07101181,0.00048096137,1.094034,3.8437660000000005,8.051323,3.1463227000000002,92.0,0.0018632232999999999
2015-09,36.9764,201.23344,0.110254705,15.0,0.0064760973,0.014763337,1.2181196,3.3645365,8.043085000000001,4.338481,92.0,0.0018152809
2015-10,36.879814,201.60408,0.09709259,15.0,0.07898025,0.00025464612000000004,1.3163003,3.581921,8.041469000000001,2.5029254,92.0,0.0016751232999999998
2015-11,36.811413,201.45795,0.0944824,15.0,0.18541215,9.552491e-05,1.3887854,3.6449718,8.040221,1.8658854,92.0,0.0015123314000000001
2015-12,36.59486,201.78968999999998,0.09530544,15.0,0.0070377174,0.0028576355,1.260329,3.3110852,8.047518,3.0185425,92.0,0.0013602144
2016-01,35.176155,204.09311,0.094381794,15.0,0.0059338287,0.0036235694000000002,1.2297935,3.5941099999999997,8.063416499999999,2.8567324,92.0,0.0013873270999999999
2016-02,35.13088,207.43504,0.1267278,15.0,0.008077641,0.012595803000000001,1.3273422,3.3704908,8.065975,5.7725534000000005,92.0,0.00076297973
2016-03,36.514168,206.64337,0.09670191,15.0,2.908299,6.4520376e-05,1.4748716,6.154649299999999,8.049444,1.8683927,92.0,0.0009665044
2016-04,37.991467,203.65508,0.09279268,15.0,3.8209123999999997,4.5881727e-05,1.5725122999999999,6.527374299999999,8.0357065,1.4429053,92.0,0.0009835818
2016-05,38.447712,202.02364,0.08614574,15.0,3.9195992999999993,5.9261092e-05,1.3532899999999999,6.279063,8.029522,1.5946031999999999,92.0,0.0011092956
2016-06,37.100628,200.21584,0.08288705,15.0,1.3297299999999999,8.426526e-05,1.0026652,4.504346400000001,8.04157,2.0050724,92.0,0.0011480479
2016-07,36.51593,201.1272,0.09584061,15.0,1.0517443000000002,0.00011915468999999999,1.0210876,5.0422106,8.046529,2.6296484,92.0,0.0014736189000000002
2016-08,36.04438,201.70421000000002,0.12422776,15.0,0.43839443,0.00017653409,1.1046426,4.0369263,8.049968,4.2759767,92.0,0.0019963158
2016-09,35.828476,202.0343,0.092350654,15.0,0.88570875,8.832947e-05,1.1433258999999998,3.642264,8.048843,2.3436974999999998,92.0,0.0021363007999999997
2016-10,35.834072,202.0366,0.08912032,15.0,1.7809857,6.491018e-05,1.3280709,3.9481330000000003,8.047400999999999,1.6541468999999998,92.0,0.001975794
2016-11,35.803096999999994,202.82463,0.08552483,15.0,0.7703331,6.742578e-05,1.1958175,3.9121137000000004,8.049611,1.7294631,92.0,0.0014951194
2016-12,35.754482,203.65593,0.10043648,15.0,0.107790895,0.0018006647,1.1304868000000001,4.390537999999999,8.053443,3.2732634999999997,92.0,0.0015955945999999999
2017-01,35.762409999999996,207.70027,0.09223627,15.0,2.0247617,7.891926e-05,1.2511172,8.758683,8.059074,1.9342049,92.0,0.0019001081
2017-02,35.091507,208.28325,0.099222384,15.0,0.5921306,0.00048209386,1.3618188999999998,6.6940618,8.065261,2.3233142000000004,92.0,0.0014447599
2017-03,35.030334,210.2879,0.10611683,15.0,0.24156775,0.0008211242,1.3440112,4.6911726,8.064267,3.2239647000000002,92.0,0.0007223536400000001
2017-04,36.567688000000004,208.84853,0.09045617,15.0,1.5306521999999998,5.9130973000000006e-05,1.3441802999999999,7.7532744000000005,8.049208,1.5916976,92.0,0.00088255474
2017-05,38.799847,202.77641,0.08418135,15.0,1.924734,5.022566e-05,1.3533543,7.8488297000000005,8.026849,1.4116923000000001,92.0,0.0013885606
2017-06,37.808772999999995,200.20381,0.084509894,15.0,0.9275655999999999,7.551582500000001e-05,1.1067437,7.475558,8.035322,1.9032613,92.0,0.0015822463000000001
2017-07,36.42627,202.12712,0.10584137,15.0,0.28679857,0.00013676246000000002,1.0461577,7.392332000000001,8.047829,3.2270939999999997,92.0,0.0017752963
2017-08,36.460663000000004,202.16644,0.09503067,15.0,0.17357408,0.00010565028999999999,1.1110041000000002,6.541834,8.046151,2.5539775000000002,92.0,0.0020692681
2017-09,36.802925,201.6406,0.08857823,15.0,0.11775383,7.393115e-05,1.1996906999999999,5.288962000000001,8.041974,1.9016341,92.0,0.0021118599
2017-10,36.92109,201.018,0.0906166,15.0,0.106563516,0.0002057738,1.2604825000000002,3.9407608999999995,8.04001,2.049671,92.0,0.0018542637
2017-11,36.8415,201.66225,0.08953009,15.0,0.6136017,0.00023305509999999998,1.2566743,5.113283,8.042098,2.0848968,92.0,0.0016817944
2017-12,36.339714,202.65086000000002,0.10157616400000001,15.0,0.2692982,0.0033993989,1.1750516000000002,4.5774417000000005,8.049642,3.4935226000000004,92.0,0.0016038195000000002
2018-01,35.023514,206.37363,0.1326276,15.0,0.29278144,0.0035204184,1.4150833999999999,4.7855926,8.064791,5.33716,92.0,0.001236022
2018-02,34.834507,208.87274,0.13580394,15.0,0.031986,0.0110884225,1.6120454,3.8793547,8.068821,5.6178813,92.0,0.00082557637
2018-03,35.40948,211.03636,0.09886299,15.0,1.7085927,8.366411e-05,1.4258233,7.2923465,8.060654,2.181749,92.0,0.0009014113000000001
2018-04,37.6909,210.21051,0.09147005,15.0,5.720553,4.5063174e-05,1.5321996999999998,9.302989,8.036767999999999,1.3540016000000001,92.0,0.0011158583
2018-05,38.90927,204.72011,0.08985676599999999,15.0,3.4725802000000003,7.4255404e-05,1.460688,7.3306770000000006,8.025623,1.5631298,92.0,0.0011907764
2018-06,37.238834000000004,202.1196,0.08469022,15.0,0.9340531999999999,8.137502e-05,0.98745364,4.757123,8.040305,2.0238497,92.0,0.0011564841
2018-07,37.177054999999996,201.27298000000002,0.09263521400000001,15.0,0.03554226,0.0018371035,1.0497763999999998,3.4199529,8.042579,2.7463675,92.0,0.0013772397
2018-08,36.985157,201.51051,0.09552286,15.0,0.0040011406,0.0056642103,1.0704957,3.3505065000000003,8.044085,3.048283,92.0,0.0017501914
2018-09,37.173195,203.91109,0.11376241599999999,15.0,0.39531020000000006,0.0014023648000000002,1.2045785,5.414463,8.0402355,3.5425614999999997,92.0,0.00199265
2018-10,37.328945000000004,201.82707,0.08424076,15.0,0.5051559,6.218571e-05,1.1918206,4.1775894000000005,8.034385,1.6706952000000002,92.0,0.0018812077
2018-11,36.868763,202.43008,0.08494331,15.0,0.83964413,6.993041999999999e-05,1.2672627,5.3758287000000005,8.038933,1.5973268,92.0,0.0017144204999999999
2018-12,36.208225,204.95443999999998,0.08989852,15.0,0.59091806,9.282899e-05,1.1363683,6.7906065,8.047827,2.0382035,92.0,0.0017112135
